buy_date,sell_date,ticker,regime_at_buy,buy_price,sell_price,profit_pct,exit_reason
2014-10-22,2014-10-29,017670,BEAR,46153.0,46404.184993391544,0.5442441301573975,trailing_stop
2014-10-22,2014-10-29,015760,BEAR,47900.0,46100.0,-3.7578288100208765,trailing_stop
2014-10-23,2014-10-30,000810,BEAR,283500.0,293500.0,3.527336860670194,overshoot_runner
2014-10-30,2014-11-06,015760,BEAR,46000.0,47296.79736024845,2.8191246961922807,trailing_stop
2014-10-23,2014-11-07,000810,BEAR,283500.0,290500.0,2.4691358024691357,trailing_stop
2014-11-07,2014-11-12,015760,BEAR,46950.0,44812.5,-4.552715654952077,hard_stop
2014-11-12,2014-11-17,033780,BEAR,94800.0,91617.85714285714,-3.3566907775768513,hard_stop
2014-11-13,2014-11-21,010130,BEAR,416000.0,418685.43956043955,0.6455383558748927,trailing_stop
2014-11-18,2014-11-21,000810,BEAR,295000.0,304500.0,3.2203389830508473,overshoot_runner
2014-11-14,2014-11-24,015760,BEAR,45100.0,44233.19607222046,-1.9219599285577376,trailing_stop
2014-11-18,2014-11-25,000810,BEAR,295000.0,302500.0,2.5423728813559325,trailing_stop
2014-11-24,2014-12-01,033780,BEAR,94900.0,94478.0,-0.44467860906217066,trailing_stop
2014-12-03,2014-12-10,000810,BEAR,309000.0,304095.0,-1.5873786407766992,trailing_stop
2014-12-09,2014-12-12,017670,BEAR,48483.0,46717.392857142855,-3.641703572091547,hard_stop
2014-12-18,2014-12-26,017670,BEAR,47102.0,48396.0,2.747229417009893,trailing_stop
2014-12-22,2014-12-30,000810,BEAR,290000.0,287026.8472906404,-1.0252250721929634,trailing_stop
2014-12-29,2015-01-07,017670,BEAR,46930.0,46860.7,-0.14766673769444474,trailing_stop
2015-01-02,2015-01-12,000810,BEAR,285000.0,292508.5839598997,2.634590863122711,trailing_stop
2015-01-12,2015-01-20,005930,BEAR,26320.0,27440.0,4.25531914893617,overshoot_runner
2015-01-12,2015-01-29,005930,BEAR,26320.0,27159.03,3.1878039513677763,trailing_stop
2015-01-29,2015-02-05,010130,BEAR,432000.0,422500.0,-2.199074074074074,trailing_stop
2015-02-06,2015-02-10,010130,BEAR,419500.0,405571.4285714286,-3.320279243997955,hard_stop
2015-02-03,2015-02-11,005930,BEAR,27320.0,27160.0,-0.5856515373352855,trailing_stop
2015-02-09,2015-02-16,009150,BEAR,67500.0,66348.0,-1.7066666666666668,trailing_stop
2015-02-11,2015-03-09,010130,BEAR,410000.0,395642.85714285716,-3.5017421602787415,hard_stop
2015-02-23,2015-03-11,096770,BULL,99379.0,93465.25,-5.950703871039153,hard_stop
2015-03-09,2015-03-11,024110,BULL,13150.0,12650.0,-3.802281368821293,hard_stop
2015-03-11,2015-03-13,012330,BULL,258000.0,249589.2857142857,-3.2599667774086396,hard_stop
2015-02-23,2015-03-16,010950,BULL,63000.0,59220.0,-6.0,hard_stop
2015-03-12,2015-03-16,096770,BULL,93180.0,88467.64285714287,-5.057262441357727,hard_stop
2015-02-17,2015-04-01,009150,BEAR,66600.0,72501.9305019305,8.86175751040616,trailing_stop
2015-03-16,2015-04-01,012330,BULL,252000.0,242946.42857142855,-3.59268707482994,hard_stop
2015-03-16,2015-04-02,066570,BULL,59600.0,57812.0,-3.0,hard_stop
2015-04-02,2015-04-21,009150,BULL,74600.0,70892.85714285714,-4.969360398314819,hard_stop
2015-02-12,2015-05-06,005930,BEAR,26880.0,27158.894026360544,1.037552181400832,trailing_stop
2015-05-06,2015-05-12,010950,BULL,73800.0,69372.0,-6.0,hard_stop
2015-04-01,2015-05-15,051910,BULL,225000.0,269976.1904761905,19.989417989417987,trailing_stop
2015-04-01,2015-05-15,004020,BULL,73700.0,75483.15565031982,2.419478494328118,trailing_stop
2015-04-21,2015-05-18,096770,BULL,114138.0,108921.6,-4.570257057246486,trailing_stop
2015-05-12,2015-05-20,033780,BULL,95800.0,99600.0,3.966597077244259,overshoot_runner
2015-03-13,2015-06-01,000810,BULL,252000.0,290174.10714285716,15.148455215419506,trailing_stop
2015-05-15,2015-06-04,015760,NEUTRAL,46800.0,44800.0,-4.273504273504273,trailing_stop
2015-05-15,2015-06-04,010950,NEUTRAL,66700.0,63630.0,-4.602698650674663,trailing_stop
2015-06-04,2015-06-08,024110,NEUTRAL,13850.0,13250.0,-4.332129963898916,hard_stop
2015-05-18,2015-06-10,010130,NEUTRAL,500000.0,516000.0,3.2,overshoot_runner
2015-05-12,2015-06-12,033780,BULL,95800.0,93921.39501938563,-1.9609655330003872,trailing_stop
2015-06-08,2015-06-15,015760,NEUTRAL,44800.0,42962.5,-4.1015625,hard_stop
2015-06-12,2015-06-17,096770,NEUTRAL,120534.0,122502.0,1.6327343322216137,overshoot_runner
2015-06-01,2015-06-18,051910,NEUTRAL,250500.0,283500.0,13.17365269461078,overshoot_runner
2015-06-15,2015-06-22,033780,NEUTRAL,93700.0,91220.60527519438,-2.646098959237589,trailing_stop
2015-06-04,2015-06-29,004020,NEUTRAL,70100.0,66864.28571428571,-4.615854901161612,hard_stop
2015-06-12,2015-07-06,096770,NEUTRAL,120534.0,113153.0,-6.123583387260026,trailing_stop
2015-05-18,2015-07-07,010130,NEUTRAL,500000.0,516900.0,3.38,trailing_stop
2015-06-01,2015-07-07,051910,NEUTRAL,250500.0,265363.2378100941,5.933428267502629,trailing_stop
2015-06-22,2015-07-08,000810,NEUTRAL,295000.0,290000.0,-1.694915254237288,trailing_stop
2015-07-06,2015-07-09,023530,NEUTRAL,217290.0,208203.42857142858,-4.181771562691067,hard_stop
2015-07-07,2015-07-09,096770,NEUTRAL,111678.0,104977.31999999999,-6.000000000000007,hard_stop
2015-07-07,2015-07-17,024110,NEUTRAL,13700.0,13094.642857142857,-4.418665276329512,hard_stop
2015-07-10,2015-07-23,010130,BEAR,510000.0,482678.5714285714,-5.3571428571428585,hard_stop
2015-07-10,2015-07-23,096770,BEAR,107250.0,100815.0,-6.0,hard_stop
2015-07-01,2015-07-24,017670,BULL,42703.0,41840.0,-2.020935297285905,trailing_stop
2015-07-10,2015-07-24,051910,BEAR,259000.0,267500.0,3.2818532818532815,trailing_stop
2015-07-17,2015-07-27,015760,BULL,49050.0,47448.21428571429,-3.2656181738750463,hard_stop
2015-07-23,2015-07-28,033780,NEUTRAL,102500.0,107000.0,4.390243902439024,overshoot_runner
2015-07-23,2015-07-29,023530,NEUTRAL,209497.0,223708.0,6.783390692945483,overshoot_runner
2015-07-23,2015-07-30,033780,NEUTRAL,102500.0,106215.0,3.6243902439024387,trailing_stop
2015-07-23,2015-07-30,023530,NEUTRAL,209497.0,230336.19999999998,9.947254614624544,trailing_stop
2015-07-27,2015-08-03,010130,BEAR,490000.0,480867.3469387755,-1.8638067471886728,trailing_stop
2015-09-08,2015-09-17,015760,BEAR,46300.0,47875.161987041036,3.402077725790574,trailing_stop
2015-09-10,2015-09-30,033780,BEAR,107500.0,111500.0,3.7209302325581395,overshoot_runner
2015-09-23,2015-09-30,023530,BEAR,263132.0,253505.0,-3.658620008208808,trailing_stop
2015-09-10,2015-10-07,033780,BEAR,107500.0,108887.04318936876,1.2902727342965243,trailing_stop
2015-10-02,2015-10-12,023530,BEAR,249379.0,245711.0,-1.4708536003432526,trailing_stop
2015-10-13,2015-10-16,023530,BEAR,245712.0,233235.9642857143,-5.0775036279407235,hard_stop
2015-10-14,2015-10-22,033780,BEAR,110000.0,109851.78571428571,-0.13474025974026352,trailing_stop
2015-10-14,2015-10-22,005380,BEAR,163000.0,159057.5153374233,-2.418702246979567,trailing_stop
2015-10-16,2015-10-22,009150,BULL,64200.0,68200.0,6.230529595015576,overshoot_runner
2015-10-14,2015-10-30,030200,BEAR,30400.0,29488.0,-3.0,hard_stop
2015-10-30,2015-11-03,017670,BULL,41581.0,40240.642857142855,-3.223484627250776,hard_stop
2015-10-22,2015-11-09,023530,BEAR,220957.0,208186.32142857145,-5.77971214825896,hard_stop
2015-10-08,2015-11-10,000270,BEAR,52500.0,58100.0,10.666666666666668,overshoot_runner
2015-10-16,2015-11-10,009150,BULL,64200.0,62500.0,-2.64797507788162,trailing_stop
2015-10-23,2015-11-10,012330,BULL,237500.0,255000.0,7.368421052631578,overshoot_runner
2015-10-08,2015-11-11,000270,BEAR,52500.0,57213.91836734694,8.978892128279883,trailing_stop
2015-11-09,2015-11-11,055550,BULL,44000.0,42467.857142857145,-3.4821428571428523,hard_stop
2015-10-23,2015-11-13,012330,BULL,237500.0,248500.0,4.631578947368421,trailing_stop
2015-11-11,2015-11-19,009150,BEAR,63900.0,70400.0,10.172143974960877,overshoot_runner
2015-11-18,2015-11-19,010950,BEAR,70300.0,74500.0,5.974395448079658,overshoot_runner
2015-11-18,2015-11-27,005380,BEAR,158000.0,151464.2857142857,-4.136528028933094,hard_stop
2015-11-03,2015-11-30,030200,BULL,29250.0,29950.0,2.3931623931623935,overshoot_runner
2015-11-11,2015-11-30,009150,BEAR,63900.0,69665.68298680976,9.022978070124815,trailing_stop
2015-11-11,2015-11-30,015760,BEAR,50700.0,49658.42490842491,-2.054388740779271,trailing_stop
2015-11-18,2015-11-30,010950,BEAR,70300.0,74787.0,6.382645803698435,trailing_stop
2015-11-03,2015-12-01,030200,BULL,29250.0,30192.078754578753,3.2207820669359095,trailing_stop
2015-12-01,2015-12-03,096770,NEUTRAL,126929.0,126437.0,-0.3876182747835404,overshoot_runner
2015-12-01,2015-12-03,010950,NEUTRAL,76100.0,72628.57142857142,-4.561666979538213,hard_stop
2015-11-27,2015-12-04,000270,NEUTRAL,53700.0,54200.0,0.931098696461825,trailing_stop
2015-11-30,2015-12-07,055550,BEAR,41450.0,40691.5,-1.8299155609167672,trailing_stop
2015-11-30,2015-12-07,000810,BEAR,306500.0,305065.0,-0.468189233278956,trailing_stop
2015-12-01,2015-12-08,096770,NEUTRAL,126929.0,124469.0,-1.9380913739177021,trailing_stop
2015-12-07,2015-12-09,012330,BEAR,238500.0,230500.0,-3.3542976939203357,hard_stop
2015-12-03,2015-12-10,051910,BEAR,315500.0,307452.7960153951,-2.5506193295102744,trailing_stop
2015-12-07,2015-12-10,066570,BEAR,52400.0,49957.14285714286,-4.661941112322782,hard_stop
2015-12-04,2015-12-11,009150,BEAR,66800.0,69840.0,4.550898203592815,trailing_stop
2015-12-08,2015-12-18,005930,BEAR,25240.0,25300.0,0.2377179080824089,trailing_stop
2015-12-16,2015-12-23,009150,BEAR,68500.0,65971.42857142857,-3.6913451511991746,hard_stop
2015-12-21,2015-12-24,051910,BEAR,332000.0,338000.0,1.8072289156626504,overshoot_runner
2015-12-23,2015-12-24,010950,NEUTRAL,80700.0,81800.0,1.3630731102850062,overshoot_runner
2015-12-16,2015-12-28,066570,BEAR,51700.0,52818.22326609561,2.16290767136481,trailing_stop
2015-12-21,2015-12-28,051910,BEAR,332000.0,333195.0,0.35993975903614456,trailing_stop
2015-12-21,2015-12-29,012330,BEAR,249000.0,246380.0,-1.0522088353413654,trailing_stop
2015-12-21,2015-12-29,005930,BEAR,25600.0,25220.0,-1.484375,trailing_stop
2015-12-23,2015-12-30,010950,NEUTRAL,80700.0,79491.50292087095,-1.4975180658352594,trailing_stop
2015-12-28,2016-01-04,096770,BEAR,129389.0,126799.6323246732,-2.001227055875533,trailing_stop
2015-12-28,2016-01-04,009150,BEAR,63000.0,62234.69387755102,-1.2147716229348877,trailing_stop
2015-12-29,2016-01-05,066570,BEAR,52400.0,52100.0,-0.5725190839694656,trailing_stop
2015-12-30,2016-01-05,012330,BEAR,246500.0,234000.0,-5.070993914807302,hard_stop
2016-01-04,2016-01-11,010950,BEAR,78000.0,76746.43772893773,-1.6071311167465,trailing_stop
2016-01-22,2016-01-26,051910,BEAR,303500.0,286196.4285714286,-5.701341492115789,hard_stop
2016-02-02,2016-02-04,010950,BEAR,79700.0,83000.0,4.1405269761606025,overshoot_runner
2016-02-02,2016-02-11,010950,BEAR,79700.0,81158.89944434486,1.8304886378229122,trailing_stop
2016-02-05,2016-02-16,012330,BEAR,246000.0,246920.368757259,0.37413364116220055,trailing_stop
2016-02-02,2016-02-18,066570,BEAR,56900.0,60300.0,5.975395430579964,overshoot_runner
2016-02-23,2016-03-02,012330,BEAR,258500.0,256000.0,-0.9671179883945842,trailing_stop
2016-02-02,2016-03-03,066570,BEAR,56900.0,63552.585990459454,11.69171527321521,trailing_stop
2016-02-22,2016-03-04,010950,BEAR,79200.0,84200.0,6.313131313131313,overshoot_runner
2016-03-10,2016-03-14,005490,BULL,218500.0,209071.42857142858,-4.315135665250078,hard_stop
2016-03-04,2016-03-31,000810,BEAR,306000.0,290732.14285714284,-4.989495798319333,hard_stop
2016-03-09,2016-04-01,012330,BEAR,252500.0,242482.14285714287,-3.9674681753889627,hard_stop
2016-02-22,2016-04-05,010950,BEAR,79200.0,92700.0,17.045454545454543,trailing_stop
2016-03-10,2016-04-05,015760,BULL,58000.0,58400.0,0.6896551724137931,trailing_stop
2016-03-14,2016-04-05,096770,BULL,154480.0,157431.0,1.9102796478508544,trailing_stop
2016-04-01,2016-04-11,005490,BULL,213500.0,237500.0,11.241217798594848,overshoot_runner
2016-04-06,2016-04-15,010950,BULL,94900.0,91471.42857142858,-3.6128255306337413,hard_stop
2016-04-06,2016-04-18,096770,BULL,166287.0,158908.0,-4.43750864469261,hard_stop
2016-04-05,2016-04-26,066570,BEAR,62700.0,60439.28571428572,-3.6056049213943906,hard_stop
2016-04-01,2016-04-28,005490,BULL,213500.0,234337.5710940114,9.759986460895266,trailing_stop
2016-04-15,2016-04-29,004020,BULL,61000.0,62900.0,3.114754098360656,overshoot_runner
2016-04-18,2016-04-29,015760,BULL,59000.0,61800.0,4.745762711864407,overshoot_runner
2016-04-15,2016-05-04,004020,BULL,61000.0,58642.85714285714,-3.864168618266987,hard_stop
2016-04-26,2016-05-04,010950,BULL,87500.0,83310.71428571429,-4.787755102040812,hard_stop
2016-03-31,2016-05-09,023530,BULL,230126.0,233793.0,1.5934748789793416,trailing_stop
2016-04-28,2016-05-09,066570,NEUTRAL,58200.0,56001.95139911635,-3.77671580907844,trailing_stop
2016-04-18,2016-05-16,015760,BULL,59000.0,60750.21186440678,2.966460787130138,trailing_stop
2016-05-04,2016-05-19,010130,BULL,484500.0,485500.0,0.20639834881320948,trailing_stop
2016-05-09,2016-05-19,005490,NEUTRAL,208500.0,203000.0,-2.6378896882494005,trailing_stop
2016-05-09,2016-05-19,096770,NEUTRAL,144148.0,149323.97129686156,3.590734035062272,trailing_stop
2016-05-04,2016-05-20,055550,BULL,40200.0,39624.5,-1.4315920398009951,trailing_stop
2016-05-20,2016-05-23,030200,BEAR,31550.0,32100.0,1.7432646592709984,overshoot_runner
2016-05-16,2016-05-24,004020,NEUTRAL,53100.0,51031.6384180791,-3.8952195516401145,trailing_stop
2016-05-20,2016-06-02,030200,BEAR,31550.0,31519.040072447362,-0.09812972282928038,trailing_stop
2016-05-24,2016-06-02,015760,BEAR,59600.0,59488.99209012464,-0.18625488234121326,trailing_stop
2016-05-19,2016-06-16,033780,BEAR,126000.0,126000.0,0.0,trailing_stop
2016-05-20,2016-06-16,005490,BEAR,203000.0,208500.0,2.70935960591133,trailing_stop
2016-06-02,2016-06-16,005930,NEUTRAL,27300.0,28180.0,3.223443223443224,overshoot_runner
2016-06-02,2016-06-16,066570,NEUTRAL,54500.0,54600.0,0.1834862385321101,trailing_stop
2016-05-19,2016-06-17,012330,BEAR,242500.0,258020.0,6.4,trailing_stop
2016-06-02,2016-06-24,005930,NEUTRAL,27300.0,28130.0,3.04029304029304,trailing_stop
2016-06-23,2016-06-24,015760,BULL,58500.0,56614.28571428572,-3.223443223443218,hard_stop
2016-06-23,2016-06-24,012330,BULL,264500.0,253464.2857142857,-4.172292735619769,hard_stop
2016-06-23,2016-06-30,033780,BULL,126000.0,136500.0,8.333333333333332,overshoot_runner
2016-06-29,2016-07-05,010130,NEUTRAL,502000.0,533000.0,6.175298804780876,overshoot_runner
2016-06-28,2016-07-06,005930,BEAR,27980.0,28691.63,2.543352394567552,trailing_stop
2016-06-29,2016-07-06,010130,NEUTRAL,502000.0,524770.0,4.535856573705179,trailing_stop
2016-06-29,2016-07-06,012330,NEUTRAL,258500.0,251538.33932025422,-2.6930989089925643,trailing_stop
2016-06-23,2016-07-07,033780,BULL,126000.0,131000.0,3.968253968253968,trailing_stop
2016-07-07,2016-07-08,010130,NEUTRAL,537000.0,534000.0,-0.5586592178770949,overshoot_runner
2016-07-07,2016-07-25,010130,NEUTRAL,537000.0,514392.8571428571,-4.2098962490024014,hard_stop
2016-07-25,2016-08-12,033780,BULL,122000.0,116750.0,-4.30327868852459,hard_stop
2016-08-12,2016-09-02,015760,BULL,59200.0,56960.71428571428,-3.782577220077225,hard_stop
2016-06-23,2016-09-09,017670,BULL,36233.0,38216.0,5.4729114343278225,trailing_stop
2016-07-07,2016-09-09,005930,NEUTRAL,29000.0,31948.38103448276,10.166831153388834,trailing_stop
2016-09-02,2016-09-09,004020,BULL,51500.0,54300.0,5.436893203883495,overshoot_runner
2016-07-07,2016-09-12,012330,NEUTRAL,252500.0,278658.1329561527,10.359656616298109,trailing_stop
2016-07-07,2016-09-12,030200,NEUTRAL,30400.0,31750.0,4.440789473684211,trailing_stop
2016-09-02,2016-09-19,004020,BULL,51500.0,50300.0,-2.3300970873786406,trailing_stop
2016-09-19,2016-09-20,012330,NEUTRAL,287000.0,286500.0,-0.17421602787456447,overshoot_runner
2016-09-19,2016-10-06,012330,NEUTRAL,287000.0,273285.71428571426,-4.778496764559491,hard_stop
2016-09-19,2016-10-07,005930,NEUTRAL,31160.0,34120.0,9.499358151476251,overshoot_runner
2016-09-19,2016-10-11,005930,NEUTRAL,31160.0,31613.47652668256,1.4553161960287542,trailing_stop
2016-10-06,2016-10-11,024110,BULL,11800.0,12400.0,5.084745762711865,overshoot_runner
2016-10-11,2016-10-19,012330,NEUTRAL,274500.0,262232.14285714284,-4.469164715066361,hard_stop
2016-10-19,2016-10-21,055550,BULL,44050.0,43800.0,-0.5675368898978433,overshoot_runner
2016-09-19,2016-10-24,005490,NEUTRAL,220000.0,246500.0,12.045454545454545,overshoot_runner
2016-09-19,2016-10-28,030200,NEUTRAL,31250.0,32250.0,3.2,overshoot_runner
2016-09-19,2016-10-31,009150,NEUTRAL,48750.0,48200.0,-1.1282051282051282,trailing_stop
2016-09-19,2016-10-31,005490,NEUTRAL,220000.0,234000.0,6.363636363636363,trailing_stop
2016-10-06,2016-10-31,024110,BULL,11800.0,13000.0,10.16949152542373,trailing_stop
2016-10-19,2016-11-02,055550,BULL,44050.0,42750.0,-2.9511918274687856,trailing_stop
2016-09-19,2016-11-07,030200,NEUTRAL,31250.0,32592.0,4.2944,trailing_stop
2016-11-07,2016-11-09,005490,BEAR,244000.0,235964.2857142857,-3.293325526932086,hard_stop
2016-11-07,2016-11-09,055550,BEAR,43400.0,42044.642857142855,-3.1229427254772926,hard_stop
2016-11-08,2016-11-09,005930,BEAR,32880.0,31893.6,-3.0000000000000044,hard_stop
2016-11-07,2016-11-11,024110,BEAR,13000.0,13600.0,4.615384615384616,overshoot_runner
2016-11-07,2016-11-11,000810,BEAR,285500.0,298000.0,4.378283712784588,overshoot_runner
2016-11-07,2016-11-14,024110,BEAR,13000.0,13386.0,2.9692307692307693,trailing_stop
2016-11-07,2016-11-15,000810,BEAR,285500.0,296820.0,3.9649737302977233,trailing_stop
2016-11-09,2016-11-16,096770,BEAR,150052.0,155571.51,3.6783981553061667,trailing_stop
2016-11-14,2016-11-21,023530,BEAR,212247.0,208992.32,-1.5334398130480023,trailing_stop
2016-11-16,2016-11-24,030200,BEAR,31000.0,30312.5,-2.217741935483871,trailing_stop
2016-11-11,2016-11-28,017670,BEAR,37699.0,38241.28,1.43844664314703,trailing_stop
2016-11-18,2016-11-28,024110,BEAR,13050.0,13143.5,0.7164750957854407,trailing_stop
2016-11-17,2016-11-30,010950,BEAR,82500.0,84005.16883116883,1.8244470680834353,trailing_stop
2016-11-21,2016-11-30,000810,BEAR,296500.0,295850.0,-0.21922428330522764,trailing_stop
2016-11-24,2016-12-01,096770,BEAR,155464.0,151355.29310414538,-2.6428670919663815,trailing_stop
2016-11-28,2016-12-02,023530,BEAR,199412.0,191455.14285714287,-3.990159640772436,hard_stop
2016-11-28,2016-12-05,055550,BEAR,43650.0,43407.5,-0.5555555555555556,trailing_stop
2016-12-05,2016-12-08,010950,BEAR,86500.0,83489.28571428571,-3.4805945499587168,hard_stop
2016-12-02,2016-12-21,000810,BEAR,286000.0,274857.14285714284,-3.8961038961039023,hard_stop
2016-12-02,2016-12-29,024110,BEAR,13350.0,12949.5,-3.0,hard_stop
2016-12-02,2017-01-05,005490,BEAR,253000.0,249600.1552795031,-1.3438121424888982,trailing_stop
2016-12-29,2017-01-31,010950,BULL,84700.0,82159.0,-3.0,hard_stop
2016-12-05,2017-02-10,023530,BEAR,191619.0,224166.0,16.985267640474067,overshoot_runner
2017-01-05,2017-02-10,024110,BULL,12400.0,13300.0,7.258064516129033,overshoot_runner
2017-01-31,2017-02-10,055550,BULL,45900.0,47500.0,3.485838779956427,overshoot_runner
2016-12-21,2017-02-13,005930,BULL,36100.0,37740.0,4.542936288088643,trailing_stop
2016-12-05,2017-03-02,023530,BEAR,191619.0,203982.64601705913,6.452202556666682,trailing_stop
2016-12-08,2017-04-03,004020,BULL,55300.0,57374.94187548437,3.7521552902068205,trailing_stop
2017-02-13,2017-04-05,005380,NEUTRAL,139500.0,149329.4930875576,7.0462316039839505,trailing_stop
2017-01-05,2017-04-10,024110,BULL,12400.0,12029.896313364055,-2.9847071502898754,trailing_stop
2017-01-31,2017-04-10,055550,BULL,45900.0,46190.52287581699,0.6329474418670819,trailing_stop
2017-03-02,2017-04-11,010950,BULL,87900.0,94000.0,6.939704209328783,trailing_stop
2017-04-03,2017-04-11,017670,BULL,43824.0,42067.92857142857,-4.007099827882958,hard_stop
2017-04-17,2017-04-19,005380,NEUTRAL,144000.0,138000.0,-4.166666666666666,hard_stop
2017-04-10,2017-05-08,005490,BULL,272500.0,255500.0,-6.238532110091743,hard_stop
2017-04-17,2017-05-08,017670,NEUTRAL,41840.0,40388.75,-3.4685707456978965,hard_stop
2017-04-05,2017-06-08,096770,BULL,160876.0,154971.0,-3.6705288545214945,hard_stop
2017-05-08,2017-06-28,066570,BULL,77000.0,78509.09090909091,1.9598583234946905,trailing_stop
2017-06-08,2017-06-29,010950,BULL,96300.0,92539.28571428571,-3.905206942590125,hard_stop
2017-04-19,2017-06-30,009150,NEUTRAL,68200.0,99096.77419354838,45.30318796707974,trailing_stop
2017-04-10,2017-07-07,051910,BULL,281000.0,288500.0,2.6690391459074734,trailing_stop
2017-05-08,2017-07-07,023530,BULL,238377.0,267543.57235537464,12.235480921135276,trailing_stop
2017-06-28,2017-08-03,000810,BULL,278000.0,303500.0,9.172661870503598,overshoot_runner
2017-06-29,2017-08-03,030200,BULL,32450.0,35000.0,7.858243451463791,overshoot_runner
2017-07-07,2017-08-03,033780,NEUTRAL,114000.0,113000.0,-0.8771929824561403,trailing_stop
2017-07-07,2017-08-03,055550,NEUTRAL,48900.0,53200.0,8.793456032719837,overshoot_runner
2017-06-29,2017-08-08,030200,BULL,32450.0,33887.13955535989,4.428781372449591,trailing_stop
2017-06-30,2017-08-08,024110,BULL,14250.0,15750.0,10.526315789473683,overshoot_runner
2017-08-03,2017-08-09,005930,NEUTRAL,47780.0,46260.71428571428,-3.179752436763745,hard_stop
2017-06-28,2017-08-10,000810,BULL,278000.0,294167.3625385406,5.815598035446266,trailing_stop
2017-06-30,2017-08-10,024110,BULL,14250.0,15095.238095238094,5.9314954051796045,trailing_stop
2017-07-07,2017-08-11,055550,NEUTRAL,48900.0,53017.25460122699,8.419743560791387,trailing_stop
2017-08-08,2017-08-11,096770,NEUTRAL,174159.0,166779.0,-4.237507105575939,hard_stop
2017-08-09,2017-08-11,017670,NEUTRAL,47361.0,45253.71428571428,-4.449411360160718,hard_stop
2017-08-14,2017-08-18,051910,NEUTRAL,343500.0,349000.0,1.6011644832605532,overshoot_runner
2017-08-14,2017-08-21,055550,NEUTRAL,53500.0,51432.142857142855,-3.8651535380507385,hard_stop
2017-08-14,2017-08-24,030200,NEUTRAL,32900.0,31913.0,-3.0,hard_stop
2017-08-14,2017-08-29,010130,NEUTRAL,482000.0,512000.0,6.224066390041494,overshoot_runner
2017-08-24,2017-08-31,017670,NEUTRAL,45463.0,43697.28571428572,-3.883849032651349,hard_stop
2017-08-21,2017-09-04,024110,NEUTRAL,15000.0,14450.0,-3.6666666666666665,trailing_stop
2017-08-31,2017-09-05,055550,NEUTRAL,52000.0,50210.71428571429,-3.4409340659340577,hard_stop
2017-08-14,2017-09-06,004020,NEUTRAL,58700.0,56042.857142857145,-4.526648819664148,hard_stop
2017-09-05,2017-09-07,005490,NEUTRAL,342500.0,329642.85714285716,-3.7539103232533844,hard_stop
2017-08-14,2017-10-26,010130,NEUTRAL,482000.0,489405.6757557795,1.536447252236409,trailing_stop
2017-10-26,2017-11-15,096770,BULL,200234.0,191958.82142857145,-4.13275396357689,hard_stop
2017-09-04,2017-11-28,017670,NEUTRAL,42789.0,44693.613565569256,4.451175689007119,trailing_stop
2017-09-06,2017-11-28,055550,NEUTRAL,48000.0,47600.0,-0.8333333333333334,trailing_stop
2017-09-07,2017-11-28,024110,NEUTRAL,14300.0,15800.0,10.48951048951049,overshoot_runner
2017-08-14,2017-12-07,051910,NEUTRAL,343500.0,397653.15034310665,15.765109270191166,trailing_stop
2017-11-28,2017-12-07,066570,NEUTRAL,91800.0,96200.0,4.793028322440087,overshoot_runner
2017-11-28,2017-12-12,096770,NEUTRAL,203186.0,195016.25,-4.020823285068853,hard_stop
2017-11-16,2017-12-15,010950,BULL,121000.0,123500.0,2.066115702479339,overshoot_runner
2017-11-28,2017-12-21,066570,NEUTRAL,91800.0,102500.0,11.655773420479303,trailing_stop
2017-12-07,2017-12-21,009150,NEUTRAL,99000.0,100005.1948051948,1.015348288075554,trailing_stop
2017-09-07,2017-12-27,024110,NEUTRAL,14300.0,16700.0,16.783216783216783,trailing_stop
2017-11-16,2017-12-27,010950,BULL,121000.0,120000.0,-0.8264462809917356,trailing_stop
2017-12-21,2017-12-27,033780,BEAR,120500.0,115000.0,-4.564315352697095,hard_stop
2017-12-28,2018-01-03,033780,NEUTRAL,115500.0,111428.57142857142,-3.5250463821892466,hard_stop
2017-12-21,2018-01-04,012330,BEAR,259000.0,251730.69498069497,-2.8066814746351465,trailing_stop
2017-12-27,2018-01-04,005490,BEAR,334500.0,367500.0,9.865470852017937,overshoot_runner
2018-01-04,2018-01-05,033780,NEUTRAL,112000.0,108196.42857142857,-3.396045918367353,hard_stop
2018-01-03,2018-01-08,066570,BULL,109500.0,103542.85714285714,-5.440313111545986,hard_stop
2018-01-08,2018-02-02,033780,BULL,108500.0,104535.71428571429,-3.65371955233706,hard_stop
2017-12-12,2018-02-05,051910,NEUTRAL,390000.0,392500.0,0.641025641025641,trailing_stop
2017-12-27,2018-02-05,005490,BEAR,334500.0,376937.8603459321,12.686953765600023,trailing_stop
2017-12-28,2018-02-05,017670,NEUTRAL,46067.0,45031.0,-2.2488983437167605,trailing_stop
2018-01-05,2018-02-05,012330,NEUTRAL,246500.0,254000.0,3.0425963488843815,trailing_stop
2018-02-14,2018-02-21,005490,BEAR,363500.0,358067.8915307526,-1.4943902253775545,trailing_stop
2018-02-14,2018-02-21,066570,BEAR,97200.0,100844.65020576131,3.7496401293840647,trailing_stop
2018-02-14,2018-03-02,005380,BEAR,154500.0,157724.91909385115,2.087326274337311,trailing_stop
2018-02-19,2018-03-02,024110,BEAR,16800.0,16732.5,-0.40178571428571425,trailing_stop
2018-02-22,2018-03-02,005490,BEAR,359500.0,363500.0,1.1126564673157162,trailing_stop
2018-02-22,2018-03-02,055550,BEAR,47750.0,47433.0,-0.6638743455497382,trailing_stop
2018-02-26,2018-03-05,000270,BEAR,34200.0,33150.0,-3.070175438596491,trailing_stop
2018-03-05,2018-03-19,005380,BEAR,153000.0,152500.0,-0.32679738562091504,trailing_stop
2018-03-07,2018-03-19,005490,BEAR,347500.0,345500.0,-0.5755395683453237,trailing_stop
2018-03-12,2018-03-19,000270,BULL,32850.0,31714.285714285714,-3.4572733202870207,hard_stop
2018-03-05,2018-03-23,000810,BEAR,281500.0,278875.0,-0.9325044404973356,trailing_stop
2018-03-12,2018-03-26,033780,BULL,98600.0,98200.0,-0.4056795131845842,trailing_stop
2018-03-20,2018-03-29,005380,BULL,152500.0,146017.85714285716,-4.250585480093666,hard_stop
2018-03-26,2018-03-29,000810,BEAR,276500.0,268205.0,-3.0,hard_stop
2018-03-20,2018-04-03,066570,BULL,110000.0,109500.0,-0.45454545454545453,trailing_stop
2018-03-20,2018-04-03,055550,BULL,45050.0,44959.5,-0.2008879023307436,trailing_stop
2018-04-04,2018-04-11,066570,BEAR,104500.0,107500.0,2.8708133971291865,trailing_stop
2018-04-19,2018-04-20,005380,NEUTRAL,158000.0,160000.0,1.2658227848101267,overshoot_runner
2018-04-16,2018-04-23,066570,BEAR,104500.0,107358.16814764183,2.7350891364993597,trailing_stop
2018-04-19,2018-04-25,096770,NEUTRAL,194822.0,187074.07142857142,-3.9769269237707134,hard_stop
2018-04-19,2018-04-25,010950,NEUTRAL,116000.0,112142.85714285714,-3.3251231527093577,hard_stop
2018-04-19,2018-04-26,023530,NEUTRAL,256500.0,258990.0,0.9707602339181286,trailing_stop
2018-04-19,2018-04-26,005380,NEUTRAL,158000.0,160535.0,1.6044303797468356,trailing_stop
2018-04-27,2018-05-03,023530,BULL,256000.0,243250.0,-4.98046875,hard_stop
2018-04-27,2018-05-03,009150,BULL,121500.0,114210.0,-6.0,hard_stop
2018-04-26,2018-05-04,066570,BEAR,101000.0,100693.95332390383,-0.30301651098630866,trailing_stop
2018-04-26,2018-05-04,096770,BEAR,191378.0,199952.88999999998,4.480603831161359,trailing_stop
2018-05-04,2018-05-15,023530,BEAR,242500.0,236500.0,-2.4742268041237114,trailing_stop
2018-04-27,2018-05-16,033780,BULL,98200.0,98400.0,0.20366598778004072,trailing_stop
2018-05-08,2018-05-17,009150,BEAR,116000.0,120743.84236453201,4.089519279768978,trailing_stop
2018-05-03,2018-05-18,010130,BULL,434000.0,441835.0,1.805299539170507,trailing_stop
2018-05-03,2018-05-24,055550,BULL,47600.0,46996.5,-1.2678571428571428,trailing_stop
2018-05-17,2018-05-24,023530,BEAR,231500.0,224500.0,-3.023758099352052,trailing_stop
2018-05-18,2018-05-25,009150,BEAR,120000.0,130000.0,8.333333333333332,overshoot_runner
2018-05-18,2018-05-30,009150,BEAR,120000.0,126146.42857142858,5.122023809523816,trailing_stop
2018-05-23,2018-05-30,005930,NEUTRAL,51800.0,50350.0,-2.799227799227799,trailing_stop
2018-05-25,2018-06-08,023530,BEAR,217000.0,220708.3607636603,1.7089220109033694,trailing_stop
2018-05-28,2018-06-08,030200,BULL,27250.0,27850.0,2.2018348623853212,overshoot_runner
2018-05-28,2018-06-08,096770,BULL,200234.0,206629.0,3.193763296942577,overshoot_runner
2018-06-07,2018-06-08,009150,BULL,145000.0,146000.0,0.6896551724137931,overshoot_runner
2018-06-04,2018-06-14,005930,BEAR,51100.0,49000.0,-4.10958904109589,trailing_stop
2018-06-11,2018-06-14,004020,BULL,62400.0,58656.0,-6.0,hard_stop
2018-05-28,2018-06-19,030200,BULL,27250.0,27984.5,2.695412844036697,trailing_stop
2018-05-28,2018-06-19,096770,BULL,200234.0,207121.0,3.4394758132984404,trailing_stop
2018-06-07,2018-06-22,009150,BULL,145000.0,152979.802955665,5.503312383217251,trailing_stop
2018-06-15,2018-06-22,004020,BEAR,57300.0,54900.0,-4.18848167539267,trailing_stop
2018-07-02,2018-07-12,096770,BEAR,184982.0,185158.44999999998,0.09538765933981821,trailing_stop
2018-07-20,2018-07-27,033780,BEAR,109000.0,106700.0,-2.1100917431192663,trailing_stop
2018-07-30,2018-08-01,033780,BEAR,109500.0,106215.0,-3.0,hard_stop
2018-08-01,2018-08-08,009150,BEAR,155500.0,152721.97978870003,-1.786508174469433,trailing_stop
2018-08-02,2018-08-16,033780,BEAR,104000.0,106000.0,1.9230769230769231,trailing_stop
2018-08-08,2018-08-16,017670,BEAR,43479.0,45636.0,4.961015662733733,overshoot_runner
2018-08-08,2018-08-17,017670,BEAR,43479.0,44433.76,2.195910669518623,trailing_stop
2018-08-08,2018-08-21,030200,BEAR,28700.0,28421.0,-0.9721254355400697,trailing_stop
2018-08-14,2018-08-21,009150,BEAR,140000.0,135000.0,-3.571428571428571,trailing_stop
2018-08-20,2018-08-29,033780,BEAR,105000.0,102820.0,-2.0761904761904764,trailing_stop
2018-08-22,2018-08-31,009150,BEAR,146000.0,161000.0,10.273972602739725,overshoot_runner
2018-08-22,2018-09-07,009150,BEAR,146000.0,156975.17123287672,7.517240570463504,trailing_stop
2018-09-03,2018-09-10,010950,BEAR,121000.0,118500.0,-2.066115702479339,trailing_stop
2018-08-28,2018-09-11,017670,BEAR,45205.0,46844.0,3.6257051211149207,overshoot_runner
2018-09-03,2018-09-13,000810,BEAR,264000.0,258990.0,-1.8977272727272727,trailing_stop
2018-08-22,2018-09-17,030200,BEAR,28150.0,29700.0,5.506216696269982,overshoot_runner
2018-08-28,2018-09-19,017670,BEAR,45205.0,47027.54,4.031722154628914,trailing_stop
2018-09-18,2018-09-27,009150,BEAR,151500.0,145500.0,-3.9603960396039604,trailing_stop
2018-08-22,2018-10-05,030200,BEAR,28150.0,29488.0,4.753108348134991,trailing_stop
2018-09-28,2018-10-05,009150,BEAR,139000.0,137118.19116135663,-1.3538193083765226,trailing_stop
2018-10-01,2018-10-11,017670,BEAR,47534.0,47948.07,0.8711027895821932,trailing_stop
2018-10-17,2018-10-22,000270,BEAR,30800.0,29107.142857142855,-5.49628942486086,hard_stop
2018-10-17,2018-10-26,030200,BEAR,29500.0,29342.5,-0.5338983050847458,trailing_stop
2018-11-01,2018-11-09,010950,BEAR,119000.0,115425.0,-3.004201680672269,trailing_stop
2018-11-02,2018-11-12,000810,BEAR,277000.0,287500.0,3.790613718411552,overshoot_runner
2018-11-06,2018-11-13,017670,BEAR,45291.0,45512.604453108,0.48929026320460345,trailing_stop
2018-11-06,2018-11-13,096770,BEAR,202202.0,193346.0,-4.37977863720438,trailing_stop
2018-11-02,2018-11-16,000810,BEAR,277000.0,280317.8184631253,1.1977683982401894,trailing_stop
2018-11-01,2018-11-19,030200,BEAR,28650.0,29600.0,3.315881326352531,overshoot_runner
2018-11-14,2018-11-21,096770,BEAR,190394.0,195759.9305969276,2.8183296726407283,trailing_stop
2018-11-14,2018-11-22,017670,BEAR,46585.0,49432.0,6.11140925190512,overshoot_runner
2018-11-01,2018-11-26,030200,BEAR,28650.0,29400.0,2.6178010471204187,trailing_stop
2018-11-14,2018-11-26,017670,BEAR,46585.0,48112.64973397323,3.2792738735069884,trailing_stop
2018-11-22,2018-11-28,000810,BEAR,283500.0,273482.14285714284,-3.533635676492825,hard_stop
2018-12-05,2018-12-07,023530,BEAR,218500.0,209071.42857142858,-4.315135665250078,hard_stop
2018-11-30,2018-12-10,000810,BEAR,272500.0,269660.0,-1.0422018348623854,trailing_stop
2018-12-04,2018-12-10,030200,BEAR,30050.0,30900.0,2.828618968386023,overshoot_runner
2018-12-06,2018-12-13,010130,BEAR,437000.0,453500.0,3.775743707093822,overshoot_runner
2018-12-06,2018-12-17,010130,BEAR,437000.0,446200.0,2.1052631578947367,trailing_stop
2018-12-14,2018-12-18,017670,BEAR,48310.0,46535.392857142855,-3.6733743383505377,hard_stop
2018-12-12,2018-12-19,000810,BEAR,271500.0,271115.0,-0.141804788213628,trailing_stop
2018-12-10,2018-12-20,023530,BEAR,214000.0,218725.96795727636,2.2083962417179235,trailing_stop
2018-12-04,2018-12-26,030200,BEAR,30050.0,30312.5,0.8735440931780365,trailing_stop
2018-12-28,2019-01-02,023530,BEAR,211000.0,202910.7142857143,-3.833784698713607,hard_stop
2018-12-28,2019-01-08,017670,BEAR,46499.0,47100.632922981444,1.2938620679615553,trailing_stop
2019-01-02,2019-01-09,010130,BEAR,424000.0,446000.0,5.188679245283019,trailing_stop
2019-01-03,2019-01-10,023530,BEAR,202000.0,200790.0,-0.599009900990099,trailing_stop
2019-01-07,2019-01-10,030200,BEAR,30450.0,29536.5,-3.0,hard_stop
2019-01-11,2019-01-16,010130,BEAR,448000.0,425928.5714285714,-4.926658163265308,hard_stop
2019-01-11,2019-01-17,023530,BEAR,205000.0,196482.14285714284,-4.15505226480837,hard_stop
2019-01-14,2019-01-21,015760,BEAR,34700.0,33450.0,-3.602305475504323,trailing_stop
2019-01-11,2019-02-13,030200,BEAR,29300.0,28421.0,-3.0,hard_stop
2019-01-25,2019-03-05,010950,BULL,99400.0,100500.0,1.1066398390342052,trailing_stop
2019-01-28,2019-03-05,024110,BULL,13850.0,13850.0,0.0,trailing_stop
2019-02-13,2019-03-07,000810,BULL,290000.0,292543.1034482759,0.8769322235434083,trailing_stop
2019-01-22,2019-03-08,015760,BEAR,32650.0,34700.0,6.278713629402756,trailing_stop
2019-01-22,2019-03-08,010130,BEAR,429000.0,451000.0,5.128205128205128,trailing_stop
2019-03-05,2019-03-14,005380,NEUTRAL,121500.0,120089.06525573191,-1.1612631640066569,trailing_stop
2019-03-05,2019-03-14,012330,NEUTRAL,210000.0,200854.1666666667,-4.355158730158721,trailing_stop
2019-03-08,2019-03-26,004020,BEAR,46050.0,44740.483946021406,-2.843683070528977,trailing_stop
2019-03-07,2019-03-28,051910,NEUTRAL,366000.0,359082.1867681499,-1.8901129048770768,trailing_stop
2019-03-26,2019-03-29,015760,NEUTRAL,31550.0,30000.0,-4.91283676703645,hard_stop
2019-03-08,2019-04-01,000270,BEAR,33650.0,35450.0,5.349182763744428,overshoot_runner
2019-03-14,2019-04-01,010130,NEUTRAL,456000.0,469500.0,2.9605263157894735,overshoot_runner
2019-03-28,2019-04-02,000810,NEUTRAL,308000.0,296642.85714285716,-3.6873840445268966,hard_stop
2019-03-14,2019-04-11,033780,NEUTRAL,105500.0,101107.14285714286,-4.163845633039948,hard_stop
2019-04-11,2019-04-15,012330,BULL,226500.0,218410.7142857143,-3.57142857142857,hard_stop
2019-04-02,2019-04-24,005930,NEUTRAL,45750.0,44212.5,-3.360655737704918,hard_stop
2019-04-15,2019-04-24,055550,BULL,45650.0,44096.42857142857,-3.403223282741353,hard_stop
2019-03-14,2019-05-03,010130,NEUTRAL,456000.0,447000.0,-1.9736842105263157,trailing_stop
2019-04-24,2019-05-03,005380,BULL,138500.0,137500.0,-0.7220216606498195,overshoot_runner
2019-04-24,2019-05-07,005490,BULL,258500.0,249000.0,-3.67504835589942,hard_stop
2019-03-08,2019-05-09,000270,BEAR,33650.0,43850.0,30.312035661218424,trailing_stop
2019-03-29,2019-05-09,066570,NEUTRAL,75100.0,75939.2809587217,1.1175512100155862,trailing_stop
2019-04-24,2019-05-09,005380,BULL,138500.0,135000.0,-2.527075812274368,trailing_stop
2019-05-03,2019-05-10,000810,NEUTRAL,300000.0,295000.0,-1.6666666666666667,trailing_stop
2019-05-10,2019-05-15,012330,BEAR,219000.0,208392.85714285716,-4.843444227005863,hard_stop
2019-05-10,2019-05-17,009150,BEAR,99300.0,98783.98791540785,-0.5196496320162621,trailing_stop
2019-05-15,2019-05-22,000270,BEAR,41950.0,41250.0,-1.66865315852205,trailing_stop
2019-05-15,2019-05-22,005380,BEAR,128000.0,127000.0,-0.78125,trailing_stop
2019-05-16,2019-05-23,012330,BEAR,212500.0,210012.7731092437,-1.170459713297088,trailing_stop
2019-05-23,2019-05-30,000270,BEAR,40800.0,40300.0,-1.2254901960784315,trailing_stop
2019-05-23,2019-05-31,005380,BEAR,127500.0,132370.58823529413,3.8200692041522557,trailing_stop
2019-05-24,2019-05-31,012330,BEAR,214000.0,214886.5153538051,0.41425951112387593,trailing_stop
2019-05-31,2019-06-13,000270,BEAR,39350.0,41604.211290615356,5.72861827348248,trailing_stop
2019-06-11,2019-06-20,055550,BEAR,45600.0,45056.5,-1.1918859649122806,trailing_stop
2019-06-14,2019-06-24,000270,BEAR,42150.0,43400.0,2.965599051008304,overshoot_runner
2019-06-19,2019-06-28,005380,BEAR,140000.0,139195.0,-0.575,trailing_stop
2019-06-20,2019-07-01,066570,BEAR,80500.0,78400.0,-2.608695652173913,trailing_stop
2019-06-14,2019-07-02,000270,BEAR,42150.0,42500.0,0.8303677342823249,trailing_stop
2019-07-01,2019-07-02,005380,BEAR,141000.0,136770.0,-3.0,hard_stop
2019-07-02,2019-07-05,066570,BEAR,77400.0,74828.57142857143,-3.3222591362126166,hard_stop
2019-06-24,2019-07-08,055550,BEAR,44850.0,44086.5,-1.702341137123746,trailing_stop
2019-07-03,2019-07-10,005380,BEAR,136000.0,137740.0,1.2794117647058825,trailing_stop
2019-07-04,2019-07-10,010130,BEAR,456000.0,440678.5714285714,-3.3599624060150393,hard_stop
2019-07-04,2019-07-11,000270,BEAR,42650.0,42500.0,-0.3516998827667058,trailing_stop
2019-07-08,2019-07-15,066570,BEAR,71500.0,69840.0,-2.3216783216783217,trailing_stop
2019-07-08,2019-07-16,012330,BEAR,231500.0,229890.0,-0.6954643628509719,trailing_stop
2019-07-15,2019-07-23,000270,BEAR,42900.0,42243.5,-1.5303030303030303,trailing_stop
2019-07-16,2019-07-23,005380,BEAR,133000.0,131352.04081632654,-1.23906705539358,trailing_stop
2019-07-24,2019-07-26,017670,BEAR,43997.0,42530.0,-3.3343182489715204,hard_stop
2019-07-24,2019-07-29,005380,BEAR,132500.0,126660.71428571428,-4.407008086253377,hard_stop
2019-07-24,2019-08-07,030200,BEAR,27650.0,27257.0,-1.4213381555153706,trailing_stop
2019-08-13,2019-08-21,000270,BEAR,43750.0,42600.0,-2.6285714285714286,trailing_stop
2019-08-13,2019-08-23,012330,BEAR,235000.0,239000.0,1.702127659574468,trailing_stop
2019-08-29,2019-09-02,012330,BEAR,244000.0,252500.0,3.483606557377049,overshoot_runner
2019-08-23,2019-09-09,000270,BEAR,42350.0,42874.0,1.2373081463990556,trailing_stop
2019-08-29,2019-09-11,012330,BEAR,244000.0,245410.0,0.5778688524590163,trailing_stop
2019-09-20,2019-09-25,005930,BULL,49200.0,48900.0,-0.6097560975609756,overshoot_runner
2019-09-18,2019-09-26,000270,BEAR,43850.0,45493.0,3.7468643101482324,trailing_stop
2019-09-23,2019-10-01,030200,BULL,27600.0,27450.0,-0.5434782608695652,overshoot_runner
2019-09-20,2019-10-02,005930,BULL,49200.0,47724.0,-3.0,hard_stop
2019-09-20,2019-10-02,010950,BULL,102000.0,97832.14285714286,-4.086134453781515,hard_stop
2019-09-20,2019-10-04,012330,BULL,248500.0,243000.0,-2.2132796780684103,trailing_stop
2019-09-27,2019-10-04,000270,BEAR,45350.0,43650.0,-3.7486218302094816,trailing_stop
2019-09-23,2019-10-07,030200,BULL,27600.0,26966.0,-2.2971014492753623,trailing_stop
2019-10-07,2019-10-14,000270,BEAR,42850.0,41269.642857142855,-3.688114685780968,hard_stop
2019-10-11,2019-10-21,010950,BEAR,101500.0,97878.57142857142,-3.5679099225897333,hard_stop
2019-10-07,2019-10-24,005930,BEAR,47750.0,50700.0,6.178010471204189,overshoot_runner
2019-10-07,2019-10-31,012330,BEAR,244000.0,235321.42857142858,-3.556791569086647,hard_stop
2019-10-07,2019-11-05,033780,BEAR,103000.0,99910.0,-3.0,hard_stop
2019-10-31,2019-11-12,009150,BULL,113000.0,108285.71428571429,-4.171934260429832,hard_stop
2019-11-05,2019-11-13,010950,BULL,101500.0,97578.57142857142,-3.863476425052788,hard_stop
2019-10-07,2019-11-29,005930,BEAR,47750.0,51200.0,7.225130890052355,trailing_stop
2019-10-14,2019-11-29,051910,BULL,304000.0,305519.53125,0.4998458059210526,trailing_stop
2019-11-12,2019-11-29,055550,BULL,43600.0,43495.44151376146,-0.23981304183150623,trailing_stop
2019-11-29,2019-12-04,015760,NEUTRAL,27900.0,29250.0,4.838709677419355,overshoot_runner
2019-11-13,2019-12-06,009150,BULL,110000.0,115500.0,5.0,overshoot_runner
2019-10-21,2019-12-12,000270,NEUTRAL,40400.0,45000.0,11.386138613861387,overshoot_runner
2019-11-29,2019-12-12,015760,NEUTRAL,27900.0,27592.99795186892,-1.1003657639106756,trailing_stop
2019-12-12,2020-01-08,066570,NEUTRAL,71700.0,69549.0,-3.0,hard_stop
2019-10-21,2020-01-28,000270,NEUTRAL,40400.0,42200.0,4.455445544554455,trailing_stop
2019-11-13,2020-01-28,009150,BULL,110000.0,128500.0,16.818181818181817,trailing_stop
2019-11-29,2020-01-28,012330,NEUTRAL,245000.0,246500.0,0.6122448979591837,trailing_stop
2019-12-05,2020-01-28,005930,NEUTRAL,49500.0,59400.0,20.0,trailing_stop
2020-01-08,2020-01-28,015760,BULL,26450.0,25780.49554415339,-2.531207772576978,trailing_stop
2020-01-30,2020-02-03,051910,NEUTRAL,343500.0,327696.4285714286,-4.600748596381782,hard_stop
2020-01-30,2020-02-03,005490,NEUTRAL,224500.0,216000.0,-3.78619153674833,hard_stop
2020-02-04,2020-02-13,051910,NEUTRAL,379500.0,411500.0,8.432147562582346,overshoot_runner
2020-01-30,2020-02-19,009150,NEUTRAL,126000.0,146000.0,15.873015873015872,overshoot_runner
2020-02-05,2020-02-20,023530,BULL,114000.0,110700.0,-2.8947368421052633,trailing_stop
2020-01-30,2020-02-24,005930,NEUTRAL,57200.0,57400.0,0.34965034965034963,trailing_stop
2020-01-30,2020-02-24,009150,NEUTRAL,126000.0,139000.0,10.317460317460316,trailing_stop
2020-02-04,2020-02-24,005490,NEUTRAL,214000.0,207000.0,-3.2710280373831773,trailing_stop
2020-02-04,2020-02-24,051910,NEUTRAL,379500.0,392000.0,3.293807641633729,trailing_stop
2020-02-20,2020-02-24,005380,NEUTRAL,130000.0,123571.42857142857,-4.94505494505495,hard_stop
2020-05-29,2020-06-12,010950,BULL,70700.0,66500.0,-5.9405940594059405,hard_stop
2020-05-26,2020-06-15,023530,BULL,87700.0,83757.14285714286,-4.495846229027531,hard_stop
2020-05-26,2020-06-15,015760,BULL,21600.0,20544.64285714286,-4.8859126984126915,hard_stop
2020-06-01,2020-06-15,005490,BULL,182500.0,176893.34637964776,-3.0721389700560224,trailing_stop
2020-07-01,2020-07-03,051910,NEUTRAL,491500.0,507000.0,3.1536113936927768,overshoot_runner
2020-07-01,2020-09-09,051910,NEUTRAL,491500.0,682000.0,38.758901322482195,trailing_stop
2020-07-01,2020-09-09,015760,NEUTRAL,19250.0,20300.0,5.454545454545454,trailing_stop
2020-07-01,2020-09-09,005380,NEUTRAL,98200.0,166445.0101832994,69.49593705020305,trailing_stop
2020-07-01,2020-09-09,055550,NEUTRAL,29700.0,28500.0,-4.040404040404041,trailing_stop
2020-07-01,2020-09-10,066570,NEUTRAL,64400.0,93200.0,44.72049689440994,overshoot_runner
2020-09-09,2020-09-22,005490,NEUTRAL,185000.0,194500.0,5.135135135135135,overshoot_runner
2020-09-09,2020-09-24,017670,NEUTRAL,41064.0,39625.97865526982,-3.501902748709769,trailing_stop
2020-09-09,2020-09-24,012330,NEUTRAL,223500.0,222750.0,-0.33557046979865773,trailing_stop
2020-09-09,2020-10-05,004020,NEUTRAL,24700.0,26850.0,8.704453441295547,overshoot_runner
2020-09-24,2020-10-14,051910,NEUTRAL,611000.0,628200.0,2.8150572831423895,trailing_stop
2020-07-01,2020-10-19,066570,NEUTRAL,64400.0,89010.0,38.21428571428571,trailing_stop
2020-09-24,2020-10-20,009150,NEUTRAL,131000.0,142000.0,8.396946564885496,overshoot_runner
2020-10-19,2020-10-20,000270,NEUTRAL,46700.0,43150.0,-7.601713062098502,hard_stop
2020-10-14,2020-10-29,017670,NEUTRAL,39770.0,38439.07142857143,-3.346564172563672,hard_stop
2020-09-09,2020-10-30,004020,NEUTRAL,24700.0,29450.0,19.230769230769234,trailing_stop
2020-09-09,2020-10-30,005490,NEUTRAL,185000.0,210372.34555984556,13.714781383700302,trailing_stop
2020-10-20,2020-10-30,066570,NEUTRAL,90700.0,85921.42857142857,-5.268546227752409,hard_stop
2020-11-04,2020-12-24,015760,NEUTRAL,20300.0,26349.261083743844,29.799315683467213,trailing_stop
2020-12-24,2021-01-12,005380,BULL,187000.0,252019.4805194805,34.76977567886658,trailing_stop
2021-01-12,2021-01-18,015760,BULL,26200.0,24628.0,-6.0,hard_stop
2020-11-04,2021-01-27,066570,NEUTRAL,86100.0,167702.17355234778,94.77604361480579,trailing_stop
2020-11-04,2021-01-28,005490,NEUTRAL,219000.0,246587.32876712328,12.596953774942138,trailing_stop
2020-11-04,2021-02-01,004020,NEUTRAL,29750.0,37712.725090036016,26.765462487516018,trailing_stop
2021-02-02,2021-02-08,010950,BULL,71900.0,80200.0,11.543810848400557,overshoot_runner
2020-09-24,2021-02-10,009150,NEUTRAL,131000.0,202177.34460196292,54.33385084119307,trailing_stop
2021-01-18,2021-02-15,030200,BULL,23600.0,24700.0,4.661016949152542,overshoot_runner
2021-02-02,2021-02-19,010950,BULL,71900.0,83588.27736936221,16.256296758500994,trailing_stop
2021-02-02,2021-02-22,023530,BULL,111000.0,121500.0,9.45945945945946,overshoot_runner
2021-02-19,2021-02-23,051910,NEUTRAL,941000.0,889250.0,-5.499468650371945,hard_stop
2021-02-23,2021-02-24,096770,NEUTRAL,279934.0,263137.95999999996,-6.000000000000013,hard_stop
2021-02-02,2021-03-04,004020,BULL,40300.0,42950.0,6.575682382133994,overshoot_runner
2021-01-18,2021-03-05,030200,BULL,23600.0,25735.820217917673,9.050085669142684,trailing_stop
2021-02-10,2021-03-05,005380,NEUTRAL,245000.0,230300.0,-6.0,hard_stop
2021-03-05,2021-03-09,012330,NEUTRAL,305000.0,289089.28571428574,-5.216627634660413,hard_stop
2021-02-02,2021-03-10,004020,BULL,40300.0,41400.0,2.729528535980149,trailing_stop
2021-02-24,2021-03-17,000270,NEUTRAL,75000.0,84600.0,12.8,overshoot_runner
2021-02-02,2021-03-23,023530,BULL,111000.0,121500.0,9.45945945945946,trailing_stop
2021-03-05,2021-03-24,066570,NEUTRAL,148500.0,143500.0,-3.3670033670033668,trailing_stop
2021-03-10,2021-03-26,005380,NEUTRAL,227500.0,214554.94505494507,-5.690134041782387,trailing_stop
2021-03-24,2021-03-31,055550,NEUTRAL,35100.0,37450.0,6.695156695156696,overshoot_runner
2021-03-26,2021-04-29,023530,NEUTRAL,127000.0,120196.42857142857,-5.357142857142862,hard_stop
2021-04-29,2021-05-03,066570,BULL,162000.0,153053.57142857145,-5.52248677248676,hard_stop
2021-03-09,2021-05-12,005930,NEUTRAL,81400.0,80800.0,-0.7371007371007371,trailing_stop
2021-03-23,2021-05-12,010950,NEUTRAL,80200.0,96700.0,20.57356608478803,overshoot_runner
2021-03-24,2021-05-13,055550,NEUTRAL,35100.0,40463.73626373626,15.281299896684503,trailing_stop
2021-05-14,2021-05-17,024110,NEUTRAL,10700.0,10800.0,0.9345794392523363,overshoot_runner
2021-03-23,2021-07-09,010950,NEUTRAL,80200.0,101435.29568934806,26.47792479968586,trailing_stop
2021-05-03,2021-07-09,096770,BULL,251399.0,263206.0,4.696518283684502,trailing_stop
2021-05-14,2021-07-09,066570,NEUTRAL,148500.0,157625.30062530062,6.144983586061022,trailing_stop
2021-05-14,2021-07-09,024110,NEUTRAL,10700.0,10150.0,-5.14018691588785,trailing_stop
2021-07-09,2021-07-20,015760,NEUTRAL,24300.0,25650.0,5.555555555555555,overshoot_runner
2021-07-09,2021-07-21,017670,NEUTRAL,55557.0,54552.784445318706,-1.8075410023602672,trailing_stop
2021-07-09,2021-07-28,015760,NEUTRAL,24300.0,24709.832451499118,1.6865532983502807,trailing_stop
2021-07-28,2021-07-29,010130,NEUTRAL,533000.0,538000.0,0.9380863039399625,overshoot_runner
2021-02-24,2021-07-30,000270,NEUTRAL,75000.0,84330.0,12.44,trailing_stop
2021-07-09,2021-08-11,033780,NEUTRAL,82200.0,81383.0,-0.9939172749391727,trailing_stop
2021-07-30,2021-08-11,030200,NEUTRAL,33800.0,34850.0,3.106508875739645,overshoot_runner
2021-07-21,2021-08-13,010950,NEUTRAL,94500.0,96200.0,1.7989417989417988,trailing_stop
2021-07-28,2021-08-13,010130,NEUTRAL,533000.0,532789.8686679174,-0.039424264931061444,trailing_stop
2021-07-30,2021-08-13,030200,NEUTRAL,33800.0,34144.0,1.0177514792899407,trailing_stop
2021-08-11,2021-08-13,066570,NEUTRAL,156000.0,150107.14285714287,-3.7774725274725194,hard_stop
2021-07-09,2021-08-17,000810,NEUTRAL,209500.0,229500.0,9.54653937947494,overshoot_runner
2021-07-09,2021-08-19,000810,NEUTRAL,209500.0,225525.0,7.649164677804296,trailing_stop
2021-08-17,2021-08-19,005490,BEAR,329500.0,314928.5714285714,-4.422284847171041,hard_stop
2021-08-17,2021-08-20,010130,BEAR,517000.0,491285.7142857143,-4.973749654600712,hard_stop
2021-08-17,2021-08-23,066570,BEAR,151000.0,144785.7142857143,-4.115421002838219,hard_stop
2021-08-20,2021-08-27,005490,BEAR,308000.0,317500.0,3.0844155844155843,trailing_stop
2021-08-23,2021-08-30,010130,BEAR,492000.0,502938.443670151,2.2232609085672763,trailing_stop
2021-08-20,2021-09-07,030200,BEAR,31950.0,32500.0,1.7214397496087637,trailing_stop
2021-08-30,2021-09-07,000810,BEAR,224500.0,223100.0,-0.623608017817372,trailing_stop
2021-08-31,2021-09-07,010130,NEUTRAL,532000.0,514321.4285714286,-3.323039742212673,trailing_stop
2021-09-01,2021-09-08,023530,NEUTRAL,107000.0,109000.0,1.8691588785046727,overshoot_runner
2021-09-01,2021-09-09,023530,NEUTRAL,107000.0,107670.0,0.6261682242990654,trailing_stop
2021-09-01,2021-09-09,005930,NEUTRAL,76800.0,75272.0,-1.9895833333333335,trailing_stop
2021-09-13,2021-09-14,000810,BEAR,229500.0,233500.0,1.7429193899782136,overshoot_runner
2021-09-08,2021-09-15,010130,BEAR,511000.0,516000.0,0.9784735812133072,trailing_stop
2021-09-08,2021-09-16,030200,BEAR,32650.0,32495.0,-0.4747320061255743,trailing_stop
2021-09-13,2021-09-23,000810,BEAR,229500.0,223500.0,-2.6143790849673203,trailing_stop
2021-09-23,2021-09-30,010130,BEAR,510000.0,498500.0,-2.2549019607843137,trailing_stop
2021-09-24,2021-09-30,000810,BEAR,228500.0,235000.0,2.8446389496717726,overshoot_runner
2021-09-24,2021-10-07,000810,BEAR,228500.0,241045.0,5.4901531728665205,trailing_stop
2021-10-07,2021-10-08,010130,BEAR,512000.0,531000.0,3.7109375,overshoot_runner
2021-10-08,2021-10-13,000810,BEAR,241000.0,239000.0,-0.8298755186721992,overshoot_runner
2021-10-07,2021-10-15,010130,BEAR,512000.0,580907.9938616072,13.458592551095148,trailing_stop
2021-10-18,2021-10-22,010950,BEAR,108500.0,101990.0,-6.0,hard_stop
2021-10-08,2021-10-28,000810,BEAR,241000.0,245410.0,1.829875518672199,trailing_stop
2021-10-26,2021-11-02,010950,BEAR,105500.0,101500.0,-3.7914691943127963,trailing_stop
2021-10-29,2021-11-05,000810,BEAR,231000.0,230500.0,-0.21645021645021645,trailing_stop
2021-11-01,2021-11-08,010130,BEAR,528000.0,505000.0,-4.356060606060606,trailing_stop
2021-11-03,2021-11-10,010950,BEAR,100000.0,100322.85714285714,0.32285714285714495,trailing_stop
2021-11-03,2021-11-11,024110,BEAR,11050.0,10961.0,-0.8054298642533937,trailing_stop
2021-11-08,2021-11-17,000810,BEAR,227500.0,222923.07692307694,-2.0118343195266215,trailing_stop
2021-11-09,2021-11-17,010130,BEAR,501000.0,495848.80239520955,-1.0281831546487918,trailing_stop
2021-11-11,2021-11-17,010950,BEAR,95800.0,91128.57142857143,-4.876230241574703,hard_stop
2021-11-12,2021-11-24,024110,BEAR,11100.0,11300.0,1.8018018018018018,overshoot_runner
2021-11-12,2021-11-26,024110,BEAR,11100.0,11009.5,-0.8153153153153153,trailing_stop
2021-12-10,2021-12-15,033780,BEAR,86000.0,83300.0,-3.1395348837209305,hard_stop
2021-12-10,2021-12-16,017670,BEAR,55800.0,58700.0,5.197132616487455,overshoot_runner
2021-12-10,2021-12-20,024110,BEAR,10950.0,11100.0,1.36986301369863,overshoot_runner
2021-12-10,2021-12-28,024110,BEAR,10950.0,10961.0,0.1004566210045662,trailing_stop
2021-12-10,2021-12-29,017670,BEAR,55800.0,59800.0,7.168458781362006,trailing_stop
2021-12-22,2021-12-29,033780,BEAR,85400.0,79500.0,-6.908665105386416,trailing_stop
2022-01-07,2022-01-19,017670,BEAR,56400.0,55387.0,-1.7960992907801419,trailing_stop
2021-12-30,2022-01-27,033780,BEAR,79000.0,77018.0,-2.508860759493671,trailing_stop
2022-02-03,2022-02-14,005930,BEAR,73300.0,73526.0,0.3083219645293315,trailing_stop
2022-02-04,2022-02-14,009150,BEAR,173000.0,165000.0,-4.624277456647398,trailing_stop
2022-03-21,2022-03-22,030200,BEAR,33100.0,33800.0,2.1148036253776437,overshoot_runner
2022-03-15,2022-03-28,055550,BEAR,37900.0,41100.0,8.443271767810026,overshoot_runner
2022-03-28,2022-03-29,010130,BEAR,589000.0,593000.0,0.6791171477079796,overshoot_runner
2022-03-21,2022-03-30,030200,BEAR,33100.0,34871.5,5.351963746223564,trailing_stop
2022-03-15,2022-04-05,055550,BEAR,37900.0,40497.5,6.853562005277045,trailing_stop
2022-03-30,2022-04-07,015760,BEAR,22700.0,22601.0,-0.43612334801762115,trailing_stop
2022-04-05,2022-04-08,017670,BEAR,57700.0,60500.0,4.852686308492201,overshoot_runner
2022-03-28,2022-04-11,010130,BEAR,589000.0,619975.7458161534,5.259040036698362,trailing_stop
2022-04-08,2022-04-11,055550,BEAR,40250.0,41150.0,2.236024844720497,overshoot_runner
2022-04-05,2022-04-14,017670,BEAR,57700.0,61207.0,6.077989601386482,trailing_stop
2022-04-08,2022-04-15,055550,BEAR,40250.0,40255.0,0.012422360248447206,trailing_stop
2022-04-08,2022-04-18,015760,BEAR,22050.0,21582.5,-2.1201814058956914,trailing_stop
2022-04-18,2022-04-22,055550,BEAR,40150.0,42150.0,4.9813200498132,overshoot_runner
2022-04-18,2022-04-25,030200,BEAR,35300.0,35550.0,0.708215297450425,trailing_stop
2022-04-18,2022-04-25,017670,BEAR,59800.0,60140.0,0.5685618729096991,trailing_stop
2022-04-18,2022-04-26,055550,BEAR,40150.0,41661.5,3.7646326276463262,trailing_stop
2022-05-03,2022-05-10,017670,BEAR,57800.0,57036.0,-1.3217993079584776,trailing_stop
2022-05-03,2022-05-10,024110,BEAR,11350.0,11106.5,-2.145374449339207,trailing_stop
2022-05-03,2022-05-10,055550,BEAR,41650.0,41419.0,-0.5546218487394958,trailing_stop
2022-05-03,2022-05-10,005490,BEAR,289000.0,277500.0,-3.9792387543252596,trailing_stop
2022-05-03,2022-05-12,030200,BEAR,35200.0,36850.0,4.6875,overshoot_runner
2022-05-03,2022-05-17,030200,BEAR,35200.0,36714.5,4.3025568181818175,trailing_stop
2022-05-13,2022-05-17,010950,BEAR,110500.0,113000.0,2.262443438914027,overshoot_runner
2022-05-13,2022-05-20,010950,BEAR,110500.0,104500.0,-5.429864253393665,trailing_stop
2022-05-13,2022-05-20,024110,BEAR,11200.0,10961.0,-2.133928571428571,trailing_stop
2022-05-16,2022-05-23,017670,BEAR,59100.0,58200.0,-1.5228426395939088,trailing_stop
2022-05-13,2022-05-24,010130,BEAR,544000.0,561058.2983193278,3.135716602817603,trailing_stop
2022-05-24,2022-05-27,030200,BEAR,35900.0,38050.0,5.988857938718663,overshoot_runner
2022-05-19,2022-05-31,055550,BEAR,40700.0,43050.0,5.773955773955774,overshoot_runner
2022-05-24,2022-05-31,010950,BEAR,103000.0,116000.0,12.62135922330097,overshoot_runner
2022-05-19,2022-06-02,055550,BEAR,40700.0,42146.5,3.554054054054054,trailing_stop
2022-05-23,2022-06-02,023530,BEAR,97600.0,98432.12090163934,0.8525828910239144,trailing_stop
2022-05-25,2022-06-07,024110,BEAR,11100.0,11009.5,-0.8153153153153153,trailing_stop
2022-05-24,2022-06-08,030200,BEAR,35900.0,37345.0,4.025069637883008,trailing_stop
2022-06-03,2022-06-10,015760,BEAR,23150.0,22989.0,-0.6954643628509719,trailing_stop
2022-06-03,2022-06-13,055550,BEAR,42450.0,41200.0,-2.944640753828033,trailing_stop
2022-06-08,2022-06-13,024110,BEAR,11050.0,10718.5,-3.0,hard_stop
2022-05-24,2022-06-14,010950,BEAR,103000.0,117839.45908460472,14.407241829713321,trailing_stop
2022-06-08,2022-06-14,033780,BEAR,85300.0,82741.0,-3.0,hard_stop
2022-06-15,2022-06-17,000270,BEAR,78100.0,74700.0,-4.353393085787452,hard_stop
2022-06-15,2022-06-22,015760,BEAR,22300.0,22000.0,-1.345291479820628,trailing_stop
2022-06-22,2022-06-24,010950,BEAR,105000.0,98700.0,-6.0,hard_stop
2022-06-22,2022-06-24,055550,BEAR,39050.0,37150.0,-4.865556978233035,hard_stop
2022-06-22,2022-06-30,030200,BEAR,36100.0,36569.0,1.299168975069252,trailing_stop
2022-06-15,2022-07-04,033780,BEAR,83300.0,81383.0,-2.3013205282112845,trailing_stop
2022-06-22,2022-07-04,023530,BEAR,99200.0,100728.32661290323,1.5406518275234145,trailing_stop
2022-06-27,2022-07-04,010950,BEAR,104000.0,100000.0,-3.8461538461538463,trailing_stop
2022-06-28,2022-07-06,015760,BEAR,22000.0,22108.003246753247,0.49092384887839713,trailing_stop
2022-07-05,2022-07-06,010950,BEAR,102000.0,95880.0,-6.0,hard_stop
2022-07-05,2022-07-11,023530,BEAR,102000.0,96996.42857142857,-4.905462184873956,hard_stop
2022-07-12,2022-07-22,023530,BEAR,90100.0,93735.73014111305,4.035216582811373,trailing_stop
2022-07-05,2022-07-26,033780,BEAR,81700.0,82200.0,0.6119951040391677,overshoot_runner
2022-07-11,2022-08-01,030200,BEAR,37000.0,38350.0,3.6486486486486487,overshoot_runner
2022-07-11,2022-08-11,030200,BEAR,37000.0,38121.0,3.0297297297297296,trailing_stop
2022-08-10,2022-08-17,005380,BEAR,192500.0,193515.0,0.5272727272727272,trailing_stop
2022-08-10,2022-08-17,000270,BEAR,80700.0,80316.0,-0.47583643122676583,trailing_stop
2022-08-16,2022-08-18,012330,BEAR,218500.0,210892.85714285716,-3.481529911735854,hard_stop
2022-08-19,2022-08-24,012330,BEAR,214500.0,205767.85714285713,-4.070929070929076,hard_stop
2022-08-18,2022-08-29,005380,BEAR,186000.0,188180.0,1.1720430107526882,trailing_stop
2022-08-18,2022-08-29,000270,BEAR,76700.0,77000.0,0.3911342894393742,trailing_stop
2022-08-25,2022-09-01,012330,BEAR,212000.0,209520.0,-1.169811320754717,trailing_stop
2022-08-25,2022-09-02,051910,BEAR,616000.0,611585.1113172543,-0.7167027082379459,trailing_stop
2022-09-01,2022-09-14,023530,BEAR,96100.0,95400.0,-0.72840790842872,trailing_stop
2022-09-01,2022-09-14,030200,BEAR,36650.0,36326.5,-0.8826739427012278,trailing_stop
2022-09-02,2022-09-14,012330,BEAR,214000.0,212000.0,-0.9345794392523363,trailing_stop
2022-09-05,2022-09-14,051910,BEAR,616000.0,645344.1558441559,4.763661663012327,trailing_stop
2022-09-15,2022-09-22,005380,BEAR,198000.0,194500.0,-1.7676767676767675,trailing_stop
2022-09-15,2022-09-22,023530,BEAR,94500.0,92635.0,-1.9735449735449735,trailing_stop
2022-09-15,2022-09-28,030200,BEAR,35950.0,35744.5,-0.5716272600834492,trailing_stop
2022-10-04,2022-10-11,005380,BEAR,179500.0,170000.0,-5.2924791086350975,trailing_stop
2022-10-04,2022-10-14,051910,BEAR,555000.0,578369.3693693693,4.2106971836701526,trailing_stop
2022-10-20,2022-10-31,010130,BEAR,613000.0,640000.0,4.404567699836868,overshoot_runner
2022-07-05,2022-11-01,033780,BEAR,81700.0,93508.0,14.452876376988986,trailing_stop
2022-10-20,2022-11-01,010130,BEAR,613000.0,617105.5697972501,0.669750374755317,trailing_stop
2022-11-02,2022-11-03,010130,BEAR,621000.0,592178.5714285714,-4.6411318150448695,hard_stop
2022-11-04,2022-12-06,010130,BEAR,579000.0,590000.0,1.8998272884283247,trailing_stop
2022-11-09,2022-12-06,051910,BULL,715000.0,684000.0,-4.335664335664335,trailing_stop
2022-11-15,2022-12-08,024110,BULL,10700.0,10900.0,1.8691588785046727,trailing_stop
2022-11-15,2022-12-08,055550,BULL,36800.0,37345.0,1.4809782608695652,trailing_stop
2022-12-06,2022-12-13,005380,NEUTRAL,164500.0,159357.14285714287,-3.126356925749015,hard_stop
2022-12-06,2022-12-15,005490,NEUTRAL,286500.0,283000.0,-1.2216404886561953,trailing_stop
2022-12-08,2022-12-15,010130,BEAR,604000.0,592483.4437086093,-1.9067146177799132,trailing_stop
2022-11-09,2022-12-19,033780,BULL,94400.0,96600.0,2.330508474576271,trailing_stop
2022-12-09,2022-12-21,051910,NEUTRAL,627000.0,623712.690817954,-0.5242917355735217,trailing_stop
2022-12-13,2022-12-22,000810,NEUTRAL,212500.0,217500.0,2.3529411764705883,overshoot_runner
2022-12-16,2022-12-23,005490,BEAR,279000.0,284695.0,2.0412186379928317,trailing_stop
2022-12-19,2022-12-23,010130,BEAR,587000.0,563857.1428571428,-3.942565100997813,hard_stop
2022-12-13,2022-12-28,000810,NEUTRAL,212500.0,202000.0,-4.941176470588235,trailing_stop
2022-12-15,2022-12-28,055550,BEAR,37700.0,36700.0,-2.6525198938992043,trailing_stop
2022-12-26,2022-12-28,033780,BEAR,95400.0,90200.0,-5.450733752620545,hard_stop
2022-12-22,2022-12-29,051910,BEAR,626000.0,597000.0,-4.63258785942492,trailing_stop
2022-12-23,2022-12-29,005930,BEAR,58100.0,56000.0,-3.614457831325301,hard_stop
2022-12-28,2023-01-02,024110,BEAR,10000.0,9634.642857142857,-3.653571428571431,hard_stop
2022-12-29,2023-01-03,000810,BEAR,200000.0,192660.71428571426,-3.66964285714287,hard_stop
2022-12-29,2023-01-03,033780,BEAR,91500.0,88755.0,-3.0,hard_stop
2022-12-29,2023-01-06,055550,BEAR,35200.0,40600.0,15.340909090909092,overshoot_runner
2022-12-29,2023-01-10,055550,BEAR,35200.0,39818.5,13.120738636363635,trailing_stop
2023-01-04,2023-01-11,033780,BEAR,88600.0,88500.0,-0.1128668171557562,trailing_stop
2023-01-04,2023-01-11,000810,BEAR,195000.0,201275.0,3.217948717948718,trailing_stop
2023-01-13,2023-02-15,055550,BULL,41050.0,39019.642857142855,-4.946058813293897,hard_stop
2023-02-15,2023-02-22,066570,BULL,112800.0,111100.0,-1.5070921985815602,overshoot_runner
2023-01-02,2023-02-23,005490,BEAR,272000.0,327013.7867647059,20.225656898788934,trailing_stop
2023-01-12,2023-02-23,000810,BEAR,201000.0,212500.0,5.721393034825871,overshoot_runner
2023-02-23,2023-03-06,051910,NEUTRAL,668000.0,726000.0,8.682634730538922,overshoot_runner
2023-01-03,2023-03-10,024110,BEAR,9560.0,9940.0,3.9748953974895396,trailing_stop
2023-01-13,2023-03-14,009150,BULL,144000.0,150641.0,4.611805555555556,trailing_stop
2023-02-15,2023-03-14,066570,BULL,112800.0,116700.0,3.4574468085106385,trailing_stop
2023-02-23,2023-03-14,051910,NEUTRAL,668000.0,708000.0,5.9880239520958085,trailing_stop
2023-01-12,2023-03-24,000810,BEAR,201000.0,203216.90653873488,1.1029385764850157,trailing_stop
2023-03-14,2023-03-24,005930,BEAR,59000.0,63000.0,6.779661016949152,overshoot_runner
2023-03-16,2023-04-21,009150,NEUTRAL,150500.0,144585.7142857143,-3.9297579496915014,hard_stop
2023-03-14,2023-05-10,005490,BEAR,316000.0,370000.0,17.088607594936708,trailing_stop
2023-03-24,2023-05-10,051910,NEUTRAL,690000.0,717000.0,3.91304347826087,trailing_stop
2023-04-21,2023-05-10,000270,BULL,83300.0,90000.0,8.043217286914766,overshoot_runner
2023-05-10,2023-05-11,000810,NEUTRAL,231000.0,230000.0,-0.4329004329004329,overshoot_runner
2023-03-14,2023-05-12,005930,BEAR,59000.0,63700.0,7.966101694915253,trailing_stop
2023-03-14,2023-05-17,004020,BEAR,33050.0,34367.56807866868,3.986590253157879,trailing_stop
2023-05-10,2023-05-30,000810,NEUTRAL,231000.0,221732.14285714287,-4.012059369202221,hard_stop
2023-05-30,2023-06-14,017670,BULL,50000.0,48500.0,-3.0,hard_stop
2023-05-10,2023-06-28,012330,NEUTRAL,226500.0,231000.0,1.9867549668874174,overshoot_runner
2023-05-17,2023-06-28,051910,NEUTRAL,709000.0,709576.1636107194,0.08126426103235221,trailing_stop
2023-06-14,2023-06-28,005380,BULL,201000.0,206000.0,2.4875621890547266,overshoot_runner
2023-06-28,2023-07-11,000810,NEUTRAL,229000.0,240000.0,4.8034934497816595,overshoot_runner
2023-05-12,2023-07-12,005490,NEUTRAL,363500.0,417500.0,14.855570839064649,overshoot_runner
2023-05-12,2023-07-27,005490,NEUTRAL,363500.0,609368.44173708,67.63918617251169,trailing_stop
2023-06-14,2023-07-27,005380,BULL,201000.0,194970.0,-3.0,hard_stop
2023-07-27,2023-07-28,066570,BULL,117500.0,112721.42857142857,-4.0668693009118595,hard_stop
2023-07-27,2023-08-03,005930,BULL,71700.0,69549.0,-3.0,hard_stop
2023-07-28,2023-08-03,005490,BULL,619000.0,581860.0,-6.0,hard_stop
2023-04-21,2023-08-07,000270,BULL,83300.0,79860.71428571428,-4.128794374892827,hard_stop
2023-08-03,2023-08-07,096770,BULL,206500.0,194110.0,-6.0,hard_stop
2023-05-10,2023-08-11,012330,NEUTRAL,226500.0,229500.0,1.3245033112582782,trailing_stop
2023-08-03,2023-08-14,015760,BULL,19480.0,18790.0,-3.5420944558521557,hard_stop
2023-06-28,2023-08-16,000810,NEUTRAL,229000.0,245895.0,7.377729257641922,trailing_stop
2023-08-07,2023-08-17,005930,BULL,68500.0,66250.0,-3.2846715328467155,hard_stop
2023-08-11,2023-08-17,005490,NEUTRAL,577000.0,542380.0,-6.0,hard_stop
2023-08-07,2023-08-25,024110,BULL,10480.0,10650.0,1.6221374045801527,overshoot_runner
2023-08-14,2023-08-25,012330,NEUTRAL,233000.0,225500.0,-3.2188841201716736,trailing_stop
2023-08-16,2023-08-25,096770,BEAR,179400.0,171200.0,-4.570791527313267,trailing_stop
2023-08-21,2023-08-29,009150,BEAR,142300.0,138634.89358498144,-2.5756194061971582,trailing_stop
2023-08-28,2023-08-30,000810,NEUTRAL,255000.0,245678.57142857142,-3.6554621848739526,hard_stop
2023-08-29,2023-08-30,030200,NEUTRAL,33300.0,33050.0,-0.7507507507507507,overshoot_runner
2023-08-29,2023-09-01,030200,NEUTRAL,33300.0,32301.0,-3.0,hard_stop
2023-08-18,2023-09-07,005490,BEAR,549000.0,575000.0,4.735883424408015,trailing_stop
2023-08-28,2023-09-07,096770,NEUTRAL,177300.0,175100.0,-1.2408347433728144,trailing_stop
2023-08-30,2023-09-08,010950,NEUTRAL,73900.0,77115.0,4.350473612990528,trailing_stop
2023-09-01,2023-09-08,000810,NEUTRAL,246500.0,259000.0,5.070993914807302,overshoot_runner
2023-09-07,2023-09-11,030200,BEAR,31950.0,30991.5,-3.0,hard_stop
2023-09-08,2023-09-12,005490,BEAR,583000.0,549142.8571428572,-5.807400147022785,hard_stop
2023-09-11,2023-09-12,004020,NEUTRAL,38100.0,37800.0,-0.7874015748031495,overshoot_runner
2023-09-11,2023-09-13,005380,NEUTRAL,185500.0,189800.0,2.3180592991913747,overshoot_runner
2023-09-01,2023-09-21,000810,NEUTRAL,246500.0,262870.0,6.640973630831643,trailing_stop
2023-09-11,2023-09-21,004020,NEUTRAL,38100.0,39592.641544806895,3.917694343325183,trailing_stop
2023-09-11,2023-09-22,005380,NEUTRAL,185500.0,189600.0,2.2102425876010785,trailing_stop
2023-08-07,2023-09-26,024110,BULL,10480.0,11193.8,6.81106870229007,trailing_stop
2023-09-12,2023-10-06,030200,BEAR,30800.0,32900.0,6.8181818181818175,overshoot_runner
2023-09-12,2023-10-12,030200,BEAR,30800.0,32786.0,6.4480519480519485,trailing_stop
2023-10-05,2023-10-12,000810,BEAR,254500.0,258500.0,1.5717092337917484,trailing_stop
2023-10-05,2023-10-12,010950,BEAR,72400.0,73700.0,1.7955801104972375,trailing_stop
2023-10-05,2023-10-12,055550,BEAR,34300.0,35259.5,2.797376093294461,trailing_stop
2023-10-12,2023-10-16,004020,BEAR,35300.0,33451.78571428571,-5.235734520437082,hard_stop
2023-10-12,2023-10-19,010130,BEAR,483500.0,479180.0,-0.8934850051706309,trailing_stop
2023-10-16,2023-10-20,012330,BEAR,228500.0,219714.2857142857,-3.8449515473585514,hard_stop
2023-10-05,2023-10-23,033780,BEAR,84400.0,86524.0,2.516587677725118,trailing_stop
2023-10-13,2023-10-23,055550,BEAR,35500.0,35453.5,-0.13098591549295774,trailing_stop
2023-10-13,2023-10-23,030200,BEAR,32550.0,32446.5,-0.31797235023041476,trailing_stop
2023-10-24,2023-10-25,024110,BEAR,11660.0,11720.0,0.5145797598627788,overshoot_runner
2023-10-23,2023-10-30,000810,BEAR,255500.0,250500.0,-1.9569471624266144,trailing_stop
2023-10-23,2023-10-30,012330,BEAR,218000.0,218250.0,0.11467889908256881,trailing_stop
2023-10-24,2023-10-30,024110,BEAR,11660.0,11310.199999999999,-3.0000000000000093,hard_stop
2023-10-24,2023-11-06,033780,BEAR,86800.0,89700.0,3.3410138248847927,overshoot_runner
2023-10-23,2023-11-08,017670,BEAR,49500.0,48597.0,-1.8242424242424244,trailing_stop
2023-11-07,2023-11-15,000810,BEAR,248000.0,245123.99193548388,-1.1596806711758554,trailing_stop
2023-11-01,2023-11-17,024110,BEAR,11260.0,11680.0,3.7300177619893424,overshoot_runner
2023-10-24,2023-11-29,033780,BEAR,86800.0,90100.0,3.8018433179723505,trailing_stop
2023-11-30,2023-12-01,017670,BULL,52200.0,50634.0,-3.0,hard_stop
2023-10-30,2023-12-05,030200,BEAR,32400.0,33950.0,4.78395061728395,overshoot_runner
2023-10-30,2023-12-27,030200,BEAR,32400.0,33220.95458553792,2.533810449191106,trailing_stop
2023-12-01,2023-12-27,033780,BEAR,89400.0,86718.0,-3.0,hard_stop
2023-11-29,2024-01-02,023530,BEAR,76800.0,74475.0,-3.02734375,hard_stop
2024-01-02,2024-01-03,000270,BULL,97600.0,94032.14285714286,-3.655591334894616,hard_stop
2023-11-30,2024-01-05,055550,BULL,36900.0,36905.2022841657,0.014098331072362363,trailing_stop
2023-12-27,2024-01-05,000810,BULL,257000.0,249125.0,-3.06420233463035,hard_stop
2024-01-03,2024-01-05,023530,BULL,73600.0,71339.28571428571,-3.071622670807459,hard_stop
2023-11-01,2024-01-16,024110,BEAR,11260.0,11562.4,2.6856127886323238,trailing_stop
2024-01-05,2024-01-16,033780,BULL,88800.0,86136.0,-3.0,hard_stop
2024-01-05,2024-01-17,000270,BULL,91600.0,87560.71428571429,-4.4097005614472815,hard_stop
2024-01-16,2024-01-24,005930,BEAR,72600.0,73720.0,1.5426997245179064,trailing_stop
2024-01-17,2024-01-24,009150,BEAR,138600.0,145988.45598845597,5.330776326447309,trailing_stop
2024-01-05,2024-01-26,030200,BULL,33500.0,34800.0,3.880597014925373,overshoot_runner
2024-01-16,2024-01-29,055550,BEAR,36850.0,40500.0,9.905020352781547,overshoot_runner
2024-01-24,2024-01-29,000270,BEAR,87900.0,99900.0,13.651877133105803,overshoot_runner
2023-12-27,2024-01-30,017670,BULL,49250.0,50000.0,1.5228426395939088,overshoot_runner
2024-01-16,2024-01-31,055550,BEAR,36850.0,39500.0,7.191316146540028,trailing_stop
2024-01-24,2024-01-31,000270,BEAR,87900.0,99400.0,13.083048919226394,trailing_stop
2024-02-01,2024-02-26,024110,NEUTRAL,13130.0,13068.80970514634,-0.46603423346276324,trailing_stop
2024-01-05,2024-02-28,030200,BULL,33500.0,37585.92750533049,12.196798523374591,trailing_stop
2024-01-31,2024-03-06,009150,BEAR,139600.0,133225.0,-4.566618911174785,hard_stop
2024-02-28,2024-03-13,023530,BULL,77500.0,72850.0,-6.0,hard_stop
2023-12-27,2024-03-19,017670,BULL,49250.0,52900.0,7.411167512690356,trailing_stop
2024-03-06,2024-03-29,005380,BULL,251000.0,235940.0,-6.0,hard_stop
2024-03-29,2024-04-02,000270,BULL,110200.0,104253.57142857143,-5.396033186414306,hard_stop
2024-03-13,2024-04-03,030200,BULL,38000.0,36548.21428571428,-3.8204887218045194,hard_stop
2024-02-26,2024-04-12,055550,BULL,41350.0,42650.0,3.143893591293833,trailing_stop
2024-03-19,2024-04-12,015760,NEUTRAL,22400.0,21056.0,-6.0,hard_stop
2024-01-25,2024-04-16,005930,BEAR,74100.0,81191.82571814151,9.570615004239555,trailing_stop
2024-04-03,2024-04-24,005380,BULL,216000.0,252500.0,16.89814814814815,overshoot_runner
2024-04-22,2024-05-02,010950,NEUTRAL,76100.0,71642.85714285714,-5.856955134221885,hard_stop
2024-04-22,2024-05-02,012330,NEUTRAL,239000.0,226000.0,-5.439330543933055,trailing_stop
2024-04-02,2024-05-03,024110,BULL,13220.0,13660.0,3.3282904689863844,overshoot_runner
2024-05-02,2024-05-09,010130,NEUTRAL,460000.0,495000.0,7.608695652173914,overshoot_runner
2024-05-02,2024-05-09,015760,NEUTRAL,21350.0,21800.0,2.107728337236534,overshoot_runner
2024-05-02,2024-05-13,015760,NEUTRAL,21350.0,20197.142857142855,-5.399799263967893,hard_stop
2024-04-22,2024-05-30,005930,NEUTRAL,76100.0,74800.0,-1.7082785808147174,trailing_stop
2024-05-02,2024-05-31,010130,NEUTRAL,460000.0,511980.97826086957,11.300212665406429,trailing_stop
2024-05-13,2024-06-05,009150,BULL,151900.0,151275.7758863914,-0.41094411692468336,trailing_stop
2024-05-31,2024-06-05,055550,NEUTRAL,47150.0,45071.42857142857,-4.408422966217238,hard_stop
2024-04-03,2024-07-22,005380,BULL,216000.0,259000.0,19.90740740740741,trailing_stop
2024-06-05,2024-07-22,000270,NEUTRAL,119500.0,116700.0,-2.3430962343096233,trailing_stop
2024-07-22,2024-07-23,066570,NEUTRAL,111000.0,113900.0,2.6126126126126126,overshoot_runner
2024-05-30,2024-07-24,000810,NEUTRAL,341500.0,354150.0,3.7042459736456803,trailing_stop
2024-06-05,2024-07-24,010130,NEUTRAL,489000.0,498979.7326906223,2.0408451310066,trailing_stop
2024-07-22,2024-07-26,066570,NEUTRAL,111000.0,106896.42857142857,-3.6969111969112025,hard_stop
2024-07-22,2024-07-26,055550,NEUTRAL,55000.0,58000.0,5.454545454545454,overshoot_runner
2024-04-02,2024-08-02,024110,BULL,13220.0,13880.0,4.992435703479576,trailing_stop
2024-07-22,2024-08-02,055550,NEUTRAL,55000.0,59500.0,8.181818181818182,trailing_stop
2024-07-31,2024-08-02,066570,NEUTRAL,104000.0,99382.14285714286,-4.440247252747255,hard_stop
2024-07-31,2024-08-02,000810,NEUTRAL,372500.0,352946.4285714286,-5.2492809204218585,hard_stop
2024-07-31,2024-08-05,010130,NEUTRAL,484000.0,464875.0,-3.9514462809917354,hard_stop
2024-08-09,2024-08-23,009150,BEAR,143500.0,142245.72424091588,-0.8740597624279589,trailing_stop
2024-08-09,2024-08-26,005930,BEAR,74700.0,77147.82941288965,3.276880070802747,trailing_stop
2024-08-12,2024-08-26,055550,BEAR,54100.0,61400.0,13.493530499075785,overshoot_runner
2024-08-12,2024-08-26,017670,BEAR,54300.0,56000.0,3.1307550644567224,overshoot_runner
2024-08-12,2024-08-27,030200,BEAR,38000.0,40100.0,5.526315789473684,overshoot_runner
2024-08-12,2024-08-27,055550,BEAR,54100.0,61370.0,13.438077634011092,trailing_stop
2024-08-12,2024-08-29,017670,BEAR,54300.0,54805.0,0.9300184162062615,trailing_stop
2024-08-12,2024-08-30,030200,BEAR,38000.0,38716.07142857143,1.8843984962405989,trailing_stop
2024-09-02,2024-09-05,017670,BEAR,55200.0,57200.0,3.6231884057971016,overshoot_runner
2024-09-02,2024-09-09,017670,BEAR,55200.0,57036.0,3.3260869565217392,trailing_stop
2024-09-09,2024-09-11,024110,BEAR,13750.0,13337.5,-3.0,hard_stop
2024-09-10,2024-09-12,017670,BEAR,56700.0,58300.0,2.821869488536155,overshoot_runner
2024-09-10,2024-09-20,017670,BEAR,56700.0,57230.0,0.9347442680776015,trailing_stop
2024-09-11,2024-09-25,055550,BEAR,53100.0,54856.618240516545,3.308132279692176,trailing_stop
2024-09-19,2024-09-26,033780,BEAR,106700.0,107529.89690721649,0.7777852926115192,trailing_stop
2024-09-23,2024-09-30,017670,BEAR,57900.0,56648.0,-2.162348877374784,trailing_stop
2024-09-24,2024-10-02,030200,BEAR,41400.0,39750.0,-3.985507246376811,trailing_stop
2024-09-12,2024-10-04,024110,BEAR,13590.0,13841.9,1.8535688005886655,trailing_stop
2024-09-30,2024-10-07,015760,BEAR,20550.0,19878.57142857143,-3.2672923183871965,trailing_stop
2024-09-30,2024-10-07,066570,BEAR,104300.0,103005.2732502397,-1.2413487533655825,trailing_stop
2024-10-02,2024-10-10,017670,BEAR,55600.0,55484.0,-0.20863309352517986,trailing_stop
2024-10-02,2024-10-10,033780,BEAR,104500.0,116900.0,11.866028708133971,overshoot_runner
2024-10-02,2024-10-11,033780,BEAR,104500.0,110300.0,5.55023923444976,trailing_stop
2024-10-04,2024-10-16,030200,BEAR,40800.0,42700.0,4.6568627450980395,overshoot_runner
2024-10-04,2024-10-21,030200,BEAR,40800.0,42971.0,5.321078431372548,trailing_stop
2024-10-11,2024-10-22,015760,BEAR,19850.0,21800.0,9.82367758186398,overshoot_runner
2024-10-14,2024-10-22,066570,BEAR,98700.0,95846.40324214792,-2.891182125483363,trailing_stop
2024-10-11,2024-10-24,015760,BEAR,19850.0,22250.0,12.090680100755668,trailing_stop
2024-10-23,2024-10-24,030200,BEAR,42700.0,43800.0,2.576112412177986,overshoot_runner
2024-10-11,2024-10-25,024110,BEAR,14080.0,14720.0,4.545454545454546,overshoot_runner
2024-10-24,2024-10-25,010130,BEAR,1138000.0,1253000.0,10.105448154657294,overshoot_runner
2024-10-11,2024-10-28,024110,BEAR,14080.0,14462.699999999999,2.718039772727265,trailing_stop
2024-10-11,2024-10-30,017670,BEAR,55700.0,56066.0,0.6570915619389588,trailing_stop
2024-10-21,2024-10-31,096770,BEAR,114400.0,117409.42807192808,2.6306189439930767,trailing_stop
2024-10-24,2024-10-31,010130,BEAR,1138000.0,864000.0,-24.077328646748683,trailing_stop
2024-10-28,2024-10-31,033780,BEAR,110700.0,109700.0,-0.9033423667570009,overshoot_runner
2024-10-23,2024-11-05,030200,BEAR,42700.0,43165.0,1.088992974238876,trailing_stop
2024-11-05,2024-11-06,010130,BEAR,1257000.0,1181580.0,-6.0,hard_stop
2024-11-07,2024-11-08,010130,BEAR,1246000.0,1171240.0,-6.0,hard_stop
2024-11-01,2024-11-11,017670,BEAR,57000.0,56100.0,-1.5789473684210527,trailing_stop
2024-11-05,2024-11-13,024110,BEAR,14470.0,14375.4,-0.6537664132688346,trailing_stop
2024-11-11,2024-11-13,015760,BEAR,22250.0,21151.785714285714,-4.935794542536118,hard_stop
2024-10-28,2024-11-14,033780,BEAR,110700.0,119645.46393082978,8.080816559015155,trailing_stop
2024-11-11,2024-11-14,096770,BEAR,108500.0,101990.0,-6.0,hard_stop
2024-11-12,2024-11-14,030200,BEAR,43500.0,41614.28571428572,-4.334975369458121,hard_stop
2024-11-18,2024-11-22,010130,BEAR,1006000.0,945640.0,-6.0,hard_stop
2024-11-14,2024-11-26,017670,BEAR,56400.0,58300.0,3.368794326241135,overshoot_runner
2024-11-15,2024-11-27,030200,BEAR,41500.0,47600.0,14.698795180722893,overshoot_runner
2024-11-15,2024-11-27,096770,BEAR,96100.0,116280.0,20.998959417273674,trailing_stop
2024-11-14,2024-11-28,024110,BEAR,14330.0,15090.0,5.303558967201675,overshoot_runner
2024-11-22,2024-11-29,015760,BEAR,23750.0,23800.962406015038,0.21457855164226583,trailing_stop
2024-11-14,2024-12-03,017670,BEAR,56400.0,60043.0,6.459219858156029,trailing_stop
2024-11-14,2024-12-04,024110,BEAR,14330.0,14714.9,2.6859734822051613,trailing_stop
2024-11-15,2024-12-04,030200,BEAR,41500.0,47950.0,15.542168674698795,trailing_stop
2024-11-27,2024-12-04,012330,BEAR,246000.0,238500.0,-3.048780487804878,trailing_stop
2024-12-05,2024-12-06,010130,BEAR,2000000.0,1880000.0,-6.0,hard_stop
2024-12-04,2024-12-09,015760,BEAR,21700.0,20542.85714285714,-5.332455562870317,hard_stop
2024-12-05,2024-12-12,033780,BEAR,122000.0,116900.0,-4.180327868852459,trailing_stop
2024-12-05,2024-12-13,012330,BEAR,236500.0,242600.42283298098,2.57945997166215,trailing_stop
2024-12-10,2024-12-18,015760,BEAR,21400.0,21036.8240987984,-1.6970836504747708,trailing_stop
2024-12-11,2024-12-18,024110,BEAR,14680.0,14394.8,-1.9427792915531386,trailing_stop
2024-12-11,2024-12-19,017670,BEAR,56500.0,56700.0,0.35398230088495575,trailing_stop
2024-12-13,2024-12-20,030200,BEAR,44850.0,45348.47109412327,1.1114182700630317,trailing_stop
2024-12-16,2024-12-20,033780,BEAR,113900.0,108017.85714285714,-5.16430452778126,hard_stop
2024-12-23,2024-12-30,030200,BEAR,45700.0,44571.66301969365,-2.469008709641897,trailing_stop
2024-12-23,2024-12-30,017670,BEAR,56700.0,55484.0,-2.144620811287478,trailing_stop
2024-12-23,2024-12-30,033780,BEAR,110100.0,106954.95004541326,-2.8565394682894962,trailing_stop
2024-12-23,2025-01-02,000810,BEAR,372000.0,356000.0,-4.301075268817205,trailing_stop
2024-12-23,2025-01-02,015760,BEAR,20700.0,19921.42857142857,-3.7612146307798606,trailing_stop
2024-12-30,2025-01-03,010130,BEAR,1006000.0,945640.0,-6.0,hard_stop
2025-01-02,2025-01-06,033780,BEAR,107100.0,103028.57142857143,-3.8015206082432917,hard_stop
2024-12-30,2025-01-09,096770,BEAR,112000.0,127500.0,13.839285714285715,overshoot_runner
2024-12-30,2025-01-10,096770,BEAR,112000.0,125886.98979591836,12.399098032069961,trailing_stop
2025-01-02,2025-01-10,017670,BEAR,56100.0,55100.0,-1.7825311942959003,trailing_stop
2025-01-03,2025-01-10,000810,BEAR,356500.0,359000.0,0.7012622720897616,trailing_stop
2025-01-06,2025-01-13,030200,BEAR,44200.0,43650.0,-1.244343891402715,trailing_stop
2024-12-30,2025-01-21,024110,BEAR,14330.0,14790.0,3.2100488485694347,overshoot_runner
2025-01-20,2025-01-24,012330,BEAR,244000.0,263500.0,7.991803278688526,overshoot_runner
2025-01-23,2025-01-24,030200,BEAR,45650.0,47000.0,2.9572836801752467,overshoot_runner
2025-01-20,2025-02-03,012330,BEAR,244000.0,258500.0,5.942622950819672,trailing_stop
2025-01-23,2025-02-03,030200,BEAR,45650.0,46754.0,2.4184008762322016,trailing_stop
2024-12-30,2025-02-11,024110,BEAR,14330.0,15064.1,5.122819260293094,trailing_stop
2025-02-04,2025-02-11,096770,BEAR,123400.0,122134.4755730493,-1.025546537237192,trailing_stop
2025-02-10,2025-02-28,030200,BEAR,45850.0,46948.0,2.3947655398037075,trailing_stop
2025-02-12,2025-02-28,012330,BULL,242500.0,257500.0,6.185567010309279,trailing_stop
2025-02-12,2025-02-28,096770,BULL,121900.0,129186.80417203797,5.97769005089251,trailing_stop
2025-02-12,2025-02-28,005380,BULL,198100.0,198600.0,0.2523977788995457,trailing_stop
2025-03-14,2025-03-19,096770,NEUTRAL,132000.0,124392.85714285714,-5.762987012987011,hard_stop
2025-03-14,2025-03-20,030200,NEUTRAL,49100.0,50700.0,3.2586558044806515,overshoot_runner
2025-03-19,2025-03-20,012330,BULL,270000.0,270500.0,0.1851851851851852,overshoot_runner
2025-02-12,2025-03-25,024110,BULL,15270.0,15770.0,3.274394237066143,overshoot_runner
2025-03-14,2025-03-27,000810,NEUTRAL,377000.0,356000.0,-5.570291777188329,trailing_stop
2025-02-12,2025-03-28,024110,BULL,15270.0,14490.0,-5.1080550098231825,trailing_stop
2025-03-14,2025-03-31,009150,NEUTRAL,137400.0,132200.0,-3.7845705967976713,trailing_stop
2025-03-14,2025-03-31,030200,NEUTRAL,49100.0,49300.0,0.40733197556008144,trailing_stop
2025-03-27,2025-03-31,004020,NEUTRAL,26450.0,24863.0,-6.0,hard_stop
2025-03-28,2025-03-31,096770,NEUTRAL,121000.0,113740.0,-6.0,hard_stop
2025-03-19,2025-04-02,012330,BULL,270000.0,260500.0,-3.5185185185185186,trailing_stop
2025-04-01,2025-04-03,096770,BEAR,110100.0,102800.0,-6.630336058128973,hard_stop
2025-04-02,2025-04-03,009150,BEAR,131700.0,125200.0,-4.935459377372816,hard_stop
2025-03-31,2025-04-07,000810,BEAR,357500.0,341500.0,-4.475524475524476,trailing_stop
2025-03-31,2025-04-07,024110,BEAR,14220.0,14000.0,-1.5471167369901548,trailing_stop
2025-04-01,2025-04-07,004020,BEAR,24600.0,23124.0,-6.0,hard_stop
2025-04-17,2025-04-21,023530,BEAR,62400.0,68100.0,9.134615384615383,overshoot_runner
2025-04-23,2025-04-24,015760,NEUTRAL,25200.0,25100.0,-0.3968253968253968,overshoot_runner
2025-04-23,2025-06-10,015760,NEUTRAL,25200.0,27521.853741496598,9.213705323399198,trailing_stop
2025-06-10,2025-06-16,004020,BULL,30650.0,28876.785714285714,-5.78536471684922,hard_stop
2025-04-17,2025-08-11,023530,BEAR,62400.0,67669.34523809524,8.44446352258852,trailing_stop
2025-04-17,2025-08-12,030200,BEAR,49050.0,54600.0,11.314984709480122,trailing_stop
2025-06-16,2025-08-12,015760,BULL,27550.0,38205.0,38.675136116152444,trailing_stop
2025-08-12,2025-08-21,005380,NEUTRAL,213000.0,221500.0,3.9906103286384975,overshoot_runner
2025-08-11,2025-08-22,000810,BULL,438500.0,443000.0,1.0262257696693273,overshoot_runner
2025-08-12,2025-08-28,005490,NEUTRAL,306000.0,290732.14285714284,-4.989495798319333,hard_stop
2025-04-17,2025-08-29,012330,BEAR,238500.0,318500.0,33.542976939203356,overshoot_runner
2025-08-28,2025-10-10,015760,NEUTRAL,37100.0,34874.0,-6.0,hard_stop
2025-10-13,2025-11-05,004020,BULL,32900.0,31351.785714285714,-4.705818497611812,hard_stop
2025-04-17,2025-11-21,005930,BEAR,55100.0,95600.0,73.502722323049,trailing_stop
2025-04-17,2025-11-21,012330,BEAR,238500.0,294300.0,23.39622641509434,trailing_stop
2025-08-11,2025-11-21,000810,BULL,438500.0,476000.0,8.551881413911062,trailing_stop
2025-08-12,2025-11-21,005380,NEUTRAL,213000.0,255000.0,19.718309859154928,trailing_stop
2025-11-05,2025-11-24,010130,BULL,1002000.0,1080000.0,7.784431137724551,trailing_stop
2025-11-24,2025-12-10,005380,NEUTRAL,257500.0,302500.0,17.475728155339805,overshoot_runner
2025-11-24,2025-12-11,005930,NEUTRAL,96700.0,107300.0,10.961737331954497,overshoot_runner
2025-11-24,2025-12-18,005380,NEUTRAL,257500.0,280500.0,8.932038834951456,trailing_stop
2025-11-24,2025-12-18,051910,NEUTRAL,358500.0,344000.0,-4.044630404463041,trailing_stop
2025-11-24,2025-12-18,096770,NEUTRAL,111300.0,107640.0,-3.288409703504043,trailing_stop
2025-11-24,2025-12-18,015760,NEUTRAL,48200.0,48690.0,1.016597510373444,trailing_stop
2025-12-18,2026-02-24,024110,NEUTRAL,20700.0,26800.0,29.468599033816425,trailing_stop
2026-02-24,2026-02-27,015760,BULL,62800.0,59032.0,-6.0,hard_stop
2026-02-27,2026-03-03,066570,BULL,145700.0,136958.0,-6.0,hard_stop
2025-11-24,2026-03-04,005930,NEUTRAL,96700.0,184200.0,90.4860392967942,trailing_stop
2025-12-18,2026-03-04,033780,NEUTRAL,143600.0,160000.0,11.420612813370473,trailing_stop
2025-12-18,2026-03-04,012330,NEUTRAL,352000.0,437500.0,24.289772727272727,trailing_stop
2025-12-18,2026-03-04,009150,NEUTRAL,254000.0,387000.0,52.362204724409445,trailing_stop
2026-03-04,2026-03-05,010950,NEUTRAL,126500.0,118910.0,-6.0,hard_stop
2026-03-11,2026-03-16,000810,BULL,497500.0,466000.0,-6.331658291457286,hard_stop
2026-03-04,2026-03-23,015760,NEUTRAL,45550.0,45540.0,-0.02195389681668496,trailing_stop
2026-03-04,2026-03-23,023530,NEUTRAL,92100.0,105030.0,14.039087947882736,trailing_stop
2026-03-04,2026-03-23,066570,NEUTRAL,109000.0,110250.0,1.146788990825688,trailing_stop
2026-03-16,2026-03-30,055550,BULL,90000.0,88400.0,-1.7777777777777777,trailing_stop
2026-03-23,2026-05-20,004020,NEUTRAL,34500.0,37650.0,9.130434782608695,trailing_stop
2026-03-04,2026-05-28,005490,NEUTRAL,321500.0,406500.0,26.43856920684292,trailing_stop
2026-03-23,2026-05-29,010950,NEUTRAL,106000.0,103125.0,-2.7122641509433962,trailing_stop
2026-05-28,2026-06-02,009150,BULL,1849000.0,1738060.0,-6.0,hard_stop
2026-05-29,2026-06-02,004020,BULL,40150.0,37741.0,-6.0,hard_stop
2026-06-02,2026-06-04,066570,BULL,392500.0,358000.0,-8.789808917197451,hard_stop
2026-06-02,2026-06-05,005490,BULL,399000.0,375060.0,-6.0,hard_stop
2026-06-04,2026-06-05,004020,BULL,38050.0,35767.0,-6.0,hard_stop
2026-03-23,2026-06-08,033780,NEUTRAL,151800.0,173214.52098626012,14.107062573293886,trailing_stop
2026-03-31,2026-06-08,005930,NEUTRAL,167200.0,293000.0,75.23923444976076,trailing_stop
2026-05-20,2026-06-08,096770,BULL,115500.0,107100.0,-7.2727272727272725,trailing_stop
2026-06-08,2026-06-09,066570,NEUTRAL,268000.0,251920.0,-6.0,hard_stop
2026-06-08,2026-06-10,005380,NEUTRAL,639000.0,600660.0,-6.0,hard_stop
2026-06-08,2026-06-11,004020,NEUTRAL,33300.0,31302.0,-6.0,hard_stop
2026-06-11,2026-06-12,023530,BULL,202000.0,189880.0,-6.0,hard_stop
2026-06-08,2026-06-23,000270,NEUTRAL,151400.0,142316.0,-6.0,hard_stop
2026-06-11,2026-06-23,005380,BULL,597000.0,561180.0,-6.0,hard_stop
2026-06-11,2026-06-23,005490,BULL,358000.0,336520.0,-6.0,hard_stop
2026-06-12,2026-06-26,000810,BULL,654000.0,614760.0,-6.0,hard_stop
2026-06-23,2026-06-26,012330,BULL,510000.0,479400.0,-6.0,hard_stop
2026-06-08,2026-06-29,009150,NEUTRAL,1664000.0,2059000.0,23.737980769230766,trailing_stop
2026-06-23,2026-07-02,005930,BULL,310000.0,290000.0,-6.451612903225806,hard_stop
2026-06-26,2026-07-02,066570,BULL,195900.0,184146.0,-6.0,hard_stop
2026-06-23,2026-07-03,017670,BULL,89900.0,84506.0,-6.0,hard_stop
2026-07-03,2026-07-07,066570,NEUTRAL,191000.0,179540.0,-6.0,hard_stop
2026-07-02,2026-07-08,023530,NEUTRAL,168500.0,158390.0,-6.0,hard_stop
2026-06-26,2026-07-09,005380,BULL,480500.0,451670.0,-6.0,hard_stop
2026-06-29,2026-07-09,000810,NEUTRAL,625000.0,627300.0,0.368,trailing_stop
2026-07-07,2026-07-09,012330,NEUTRAL,495000.0,465300.0,-6.0,hard_stop
2026-07-08,2026-07-13,005930,NEUTRAL,277500.0,260849.99999999997,-6.00000000000001,hard_stop
2026-07-09,2026-07-13,009150,NEUTRAL,1493000.0,1403420.0,-6.0,hard_stop
2026-07-09,2026-07-14,023530,NEUTRAL,158400.0,148896.0,-6.0,hard_stop
2026-07-09,2026-07-16,066570,NEUTRAL,178000.0,187650.0,5.421348314606742,trailing_stop
2026-07-13,2026-07-16,055550,NEUTRAL,108600.0,107900.0,-0.6445672191528545,overshoot_runner
